Timestamp,X,Y,Z
20250204201744,1889564,0.017822,-0.075928,1.018555
20250204201744,1890569,0.017700,-0.075928,1.018066
20250204201744,1891574,0.016846,-0.074585,1.017822
20250204201745,1892579,0.016846,-0.075928,1.016724
20250204201746,1893583,0.016602,-0.075928,1.016357
20250204201747,1894587,0.016968,-0.075073,1.017334
20250204201748,1895590,0.016357,-0.075317,1.019775
20250204201749,1896595,0.018799,-0.075562,1.015137
20250204201750,1897599,0.018433,-0.074829,1.016479
20250204201751,1898603,0.018188,-0.075195,1.017456
20250204201752,1899606,0.018433,-0.074707,1.017700
20250204201753,1900610,0.018188,-0.075073,1.017700
20250204201754,1901615,0.010376,-0.073486,1.028687
20250204201755,1902620,0.018921,-0.074585,1.017944
20250204201756,1903624,0.019043,-0.075684,1.017822
20250204201757,1904628,0.018433,-0.073730,1.016968
20250204201758,1905632,0.018677,-0.074341,1.017578
20250204201759,1906635,0.017212,-0.074097,1.017090
20250204201800,1907639,0.018066,-0.075317,1.017822
20250204201801,1908643,0.018066,-0.074219,1.015625
20250204201802,1909647,0.019897,-0.075073,1.015503
20250204201803,1910651,0.018921,-0.073242,1.016357
20250204201804,1911655,0.019897,-0.074463,1.016235
20250204201805,1912659,0.019897,-0.073853,1.018555
20250204201806,1913662,0.015503,-0.076050,1.009399
20250204201807,1914667,0.019775,-0.074707,1.015747
20250204201808,1915671,0.020264,-0.073853,1.015381
20250204201809,1916675,0.017090,-0.078003,1.020996
20250204201810,1917680,0.020142,-0.075684,1.017944
20250204201811,1918684,0.019409,-0.076782,1.017700
20250204201812,1919688,0.018799,-0.075195,1.017700
20250204201813,1920692,0.019897,-0.076294,1.016602
20250204201814,1921696,0.019897,-0.077026,1.016968
20250204201815,1922700,0.018555,-0.073853,1.017212
20250204201816,1923704,0.017456,-0.075073,1.018188
20250204201817,1924708,0.035522,-0.109741,0.998535
20250204201818,1925712,0.036133,-0.052002,1.016113
20250204201819,1926717,0.032959,-0.036865,1.016846
20250204201820,1927721,0.035034,-0.041626,1.014648
20250204201821,1928725,0.037476,-0.036987,1.020508
20250204201822,1929729,0.039429,-0.030762,1.013062
20250204201823,1930733,0.037598,-0.038574,1.016724
20250204201824,1931736,0.038208,-0.038696,1.016846
20250204201825,1932740,0.037476,-0.038452,1.017700
20250204201826,1933744,0.036743,-0.039551,1.017944
20250204201827,1934748,0.037231,-0.039429,1.018066
20250204201828,1935752,0.036621,-0.038452,1.018188
20250204201829,1936755,0.038208,-0.038940,1.017578
20250204201830,1937760,0.035645,-0.039551,1.017578
20250204201831,1938764,0.036011,-0.039917,1.018799
20250204201832,1939768,0.036987,-0.039795,1.018555
20250204201833,1940771,0.036621,-0.040161,1.017822
20250204201834,1941776,0.036499,-0.039673,1.017944
20250204201835,1942780,0.036011,-0.039673,1.017334
20250204201836,1943784,0.035889,-0.040527,1.017334
20250204201837,1944788,0.036865,-0.039795,1.017212
20250204201838,1945792,0.036499,-0.040161,1.017334
20250204201839,1946796,0.036377,-0.040771,1.019043
20250204201840,1947800,0.037354,-0.043335,1.019043
20250204201841,1948804,0.036865,-0.041870,1.016724
20250204201842,1949807,0.036987,-0.040894,1.019165
20250204201843,1950812,0.037720,-0.039673,1.018433
20250204201844,1951816,0.037598,-0.038818,1.018921
20250204201845,1952820,0.037231,-0.038574,1.017456
20250204201846,1953824,0.037842,-0.040405,1.017944
20250204201847,1954828,0.036743,-0.040771,1.017822
20250204201848,1955832,0.036865,-0.037598,1.017944
20250204201849,1956836,0.036621,-0.038818,1.017090
20250204201850,1957840,0.036743,-0.040771,1.017578
20250204201851,1958843,0.036621,-0.039307,1.017822
20250204201852,1959848,0.037598,-0.040649,1.017822
20250204201853,1960852,0.036499,-0.041016,1.018433
20250204201854,1961856,0.036865,-0.040405,1.018066
20250204201855,1962860,0.037231,-0.040527,1.018799
20250204201856,1963864,0.036987,-0.041138,1.018677
20250204201857,1964868,0.036011,-0.039795,1.016113
20250204201858,1965872,0.036621,-0.040039,1.016479
20250204201859,1966876,0.036621,-0.040894,1.016846
20250204201900,1967879,0.036621,-0.041260,1.018677
20250204201901,1968884,0.036133,-0.040161,1.018799
20250204201902,1969888,0.037842,-0.040161,1.018433
20250204201903,1970892,0.036133,-0.039063,1.019287
20250204201904,1971895,0.036621,-0.039551,1.018311
20250204201905,1972899,0.036621,-0.039917,1.017578
20250204201906,1973904,0.037231,-0.041504,1.018555
20250204201907,1974907,0.036987,-0.040527,1.018066
20250204201908,1975911,0.036133,-0.040039,1.017578
20250204201909,1976914,0.037964,-0.040283,1.018188
20250204201910,1977918,0.036255,-0.040649,1.018066
20250204201911,1978922,0.036499,-0.040161,1.017090
20250204201912,1979927,0.036255,-0.041626,1.018066
20250204201913,1980931,0.037231,-0.041992,1.017334
20250204201914,1981935,0.036621,-0.041260,1.017334
20250204201915,1982939,0.037109,-0.040771,1.018433
20250204201916,1983943,0.036987,-0.040771,1.017456
20250204201917,1984946,0.036255,-0.039673,1.018311
20250204201918,1985951,0.036621,-0.040283,1.017456
20250204201919,1986956,0.036133,-0.040894,1.017456
20250204201920,1987960,0.035767,-0.042114,1.017944
20250204201921,1988964,0.036743,-0.038818,1.017944
20250204201922,1989968,0.036377,-0.041260,1.018188
20250204201923,1990973,0.036133,-0.040894,1.018799
20250204201924,1991977,0.036255,-0.040405,1.018188
20250204201925,1992982,0.036133,-0.039673,1.018066
20250204201926,1993987,0.037109,-0.040894,1.017334
20250204201927,1994990,0.036377,-0.041016,1.017578
20250204201928,1995995,0.036255,-0.040039,1.017700
20250204201929,1997000,0.036499,-0.040649,1.017334
20250204201930,1998004,0.037231,-0.040283,1.017822
20250204201931,1999008,0.036255,-0.041138,1.018433
20250204201932,2000012,0.035889,-0.039673,1.018066
20250204201933,2001016,0.036133,-0.041260,1.017700
20250204201934,2002020,0.036621,-0.042480,1.018311
20250204201935,2003024,0.035522,-0.040405,1.018433
20250204201936,2004028,0.036499,-0.041260,1.017944
20250204201937,2005032,0.036377,-0.044556,1.019165
20250204201938,2006036,0.038818,-0.043457,1.017334
20250204201939,2007040,0.035278,-0.041504,1.018433
20250204201940,2008044,0.035156,-0.040649,1.018188
20250204201941,2009048,0.035522,-0.041504,1.017212
20250204201942,2010052,0.035156,-0.041016,1.016968
20250204201943,2011056,0.034668,-0.041504,1.016846
20250204201944,2012061,0.036743,-0.032471,1.019409
20250204201945,2013064,0.038330,-0.035034,1.016357
20250204201946,2014068,0.039063,-0.035278,1.016479
20250204201947,2015071,0.039185,-0.036987,1.016602
20250204201948,2016076,0.042847,-0.072266,1.082886
20250204201949,2017080,0.037598,-0.037231,1.016968
20250204201950,2018084,0.037476,-0.037720,1.016479
20250204201951,2019088,0.038086,-0.037842,1.017578
20250204201952,2020092,0.037720,-0.036743,1.016357
20250204201953,2021096,0.037354,-0.036987,1.016479
20250204201954,2022100,0.037354,-0.038696,1.016357
20250204201955,2023104,0.036743,-0.038086,1.016968
20250204201956,2024108,0.039063,-0.036987,1.018188
20250204201957,2025112,0.039185,-0.034180,1.016846
20250204201958,2026116,0.040039,-0.033813,1.017212
20250204201959,2027120,0.038574,-0.034546,1.017578
20250204202000,2028124,0.037720,-0.035156,1.016602
20250204202001,2029128,0.037598,-0.035400,1.016479
20250204202002,2030132,0.053833,-0.029297,1.007324
20250204202003,2031136,0.036865,-0.035156,1.015991
20250204202004,2032139,0.038818,-0.036011,1.016846
20250204202005,2033143,0.037598,-0.035645,1.017456
20250204202006,2034147,0.038574,-0.034180,1.017334
20250204202007,2035151,0.037964,-0.035767,1.018433
20250204202008,2036155,0.038208,-0.036255,1.017700
20250204202009,2037159,0.038208,-0.036133,1.017700
20250204202010,2038163,0.038208,-0.035156,1.018066
20250204202011,2039168,0.038330,-0.035400,1.018066
20250204202012,2040171,0.037720,-0.035400,1.018921
20250204202013,2041175,0.037842,-0.034912,1.017578
20250204202014,2042179,0.037842,-0.035156,1.017334
20250204202015,2043183,0.037476,-0.035278,1.018188
20250204202016,2044188,0.037720,-0.035767,1.017822
20250204202017,2045192,0.037964,-0.035767,1.017700
20250204202018,2046197,0.037964,-0.035767,1.017456
20250204202019,2047201,0.037354,-0.034302,1.018311
20250204202020,2048205,0.037964,-0.036011,1.018188
20250204202021,2049209,0.038452,-0.035645,1.017578
20250204202022,2050214,0.037476,-0.035278,1.018066
20250204202023,2051218,0.037842,-0.035522,1.017090
20250204202024,2052222,0.038208,-0.036621,1.017578
20250204202025,2053226,0.037598,-0.034668,1.018188
20250204202026,2054231,0.037842,-0.033569,1.018433
20250204202027,2055235,0.038086,-0.034668,1.018677
20250204202028,2056239,0.038330,-0.035156,1.018188
20250204202029,2057243,0.036987,-0.033936,1.018555
20250204202030,2058247,0.037964,-0.036255,1.018555
20250204202031,2059252,0.039185,-0.036621,1.018555
20250204202032,2060257,0.037231,-0.034790,1.018433
20250204202033,2061260,0.038452,-0.036987,1.018677
20250204202034,2062264,0.034668,-0.037842,1.018799
20250204202035,2063268,-0.174561,0.173462,1.467407
20250204202036,2064272,-0.029907,0.001709,1.013184
20250204202037,2065277,0.020020,-0.060913,1.017334
20250204202038,2066281,0.020874,-0.060669,1.017456
20250204202039,2067285,0.020142,-0.060425,1.016357
20250204202040,2068291,0.020020,-0.059570,1.016357
20250204202041,2069295,0.016846,-0.059814,1.015015
20250204202042,2070300,0.020752,-0.059814,1.017090
20250204202043,2071304,0.021118,-0.060913,1.016724
20250204202044,2072308,0.020996,-0.060669,1.016479
20250204202045,2073312,0.021240,-0.060303,1.016724
20250204202046,2074317,0.021118,-0.060913,1.016846
20250204202047,2075320,0.020996,-0.059448,1.016846
20250204202048,2076324,0.019897,-0.060303,1.017090
20250204202049,2077328,0.020630,-0.059448,1.017822
20250204202050,2078332,0.023926,-0.062134,1.019531
20250204202051,2079336,0.041504,-0.036133,1.060791
20250204202052,2080340,0.024780,-0.056519,1.018066
20250204202053,2081344,0.018799,-0.056885,1.019409
20250204202054,2082347,0.019653,-0.055786,1.016357
20250204202055,2083350,0.018677,-0.055664,1.016724
20250204202056,2084355,0.018799,-0.056763,1.017334
20250204202057,2085359,0.019043,-0.056763,1.016968
20250204202058,2086364,0.018677,-0.056396,1.017944
20250204202059,2087369,0.019287,-0.056885,1.017700
20250204202100,2088374,0.019409,-0.057251,1.016724
20250204202101,2089378,0.019043,-0.058960,1.016724
20250204202102,2090381,0.019531,-0.057007,1.018066
20250204202103,2091385,0.020508,-0.057983,1.018311
20250204202104,2092389,0.019043,-0.056641,1.018188
20250204202105,2093393,0.018677,-0.057739,1.018433
20250204202106,2094397,0.019165,-0.057251,1.018433
20250204202107,2095401,0.021729,-0.059204,1.019287
20250204202109,2096404,0.020020,-0.057373,1.017334
20250204202110,2097408,0.018555,-0.056763,1.018188
20250204202111,2098412,0.018555,-0.058105,1.017212
20250204202112,2099417,0.020020,-0.056885,1.018066
20250204202113,2100421,0.019653,-0.056763,1.016235
20250204202114,2101425,0.019287,-0.057495,1.017700
20250204202115,2102429,0.019287,-0.058228,1.017456
20250204202116,2103433,0.019287,-0.057739,1.016968
20250204202117,2104437,0.019165,-0.056519,1.016113
20250204202118,2105442,0.018799,-0.058228,1.017578
20250204202119,2106445,0.019409,-0.057617,1.016479
20250204202120,2107449,0.019043,-0.057129,1.016357
20250204202121,2108453,0.019287,-0.057495,1.017090
20250204202122,2109457,0.019287,-0.057373,1.017334
20250204202123,2110461,0.020386,-0.057861,1.019531
20250204202124,2111465,0.018188,-0.057129,1.018677
20250204202125,2112470,0.018677,-0.056763,1.017700
20250204202126,2113474,0.019165,-0.057739,1.016479
20250204202127,2114479,0.017944,-0.057495,1.017334
20250204202128,2115483,0.027710,-0.061646,1.022217
20250204202129,2116488,0.019409,-0.058472,1.016357
20250204202130,2117492,0.019165,-0.057861,1.018188
20250204202131,2118496,0.018433,-0.056152,1.017212
20250204202132,2119501,0.019409,-0.057617,1.016724
20250204202133,2120505,0.020020,-0.057495,1.017212
20250204202134,2121510,0.019409,-0.056885,1.017822
20250204202135,2122513,0.018433,-0.056030,1.018066
20250204202136,2123517,0.018799,-0.057373,1.016602
20250204202137,2124521,0.019409,-0.058350,1.018066
20250204202138,2125526,0.017700,-0.058716,1.017822
20250204202139,2126530,0.019165,-0.057861,1.017822
20250204202140,2127533,0.019531,-0.059204,1.018188
20250204202141,2128537,0.018433,-0.057739,1.018188
20250204202142,2129542,0.019165,-0.057617,1.017700
20250204202143,2130546,0.019775,-0.058838,1.018066
20250204202144,2131549,0.020264,-0.057373,1.018188
20250204202145,2132553,0.019653,-0.057373,1.017578
20250204202146,2133557,0.019653,-0.059204,1.017090
20250204202147,2134562,0.018921,-0.058960,1.017090
20250204202148,2135566,0.020142,-0.057739,1.017578
20250204202149,2136571,0.022095,-0.063477,1.019287
20250204202150,2137575,0.019653,-0.059082,1.018799
20250204202151,2138579,0.019043,-0.057983,1.017334
20250204202152,2139583,0.019409,-0.057983,1.016968
20250204202153,2140587,0.019775,-0.058105,1.015381
20250204202154,2141592,0.019409,-0.058838,1.015747
20250204202155,2142595,0.019653,-0.060425,1.012939
20250204202156,2143599,0.019897,-0.057373,1.015991
20250204202157,2144603,0.019897,-0.058838,1.016602
20250204202158,2145608,0.018921,-0.058594,1.016602
20250204202159,2146612,0.017578,-0.060181,1.015625
20250204202200,2147616,0.019043,-0.058960,1.016724
20250204202201,2148621,0.020386,-0.059082,1.015259
20250204202202,2149625,0.018799,-0.058838,1.017456
20250204202203,2150630,0.019653,-0.061401,1.017700
20250204202204,2151634,0.018677,-0.058105,1.016357
20250204202205,2152638,0.017090,-0.065796,1.017578
20250204202206,2153642,0.021240,-0.060913,1.015869
20250204202207,2154647,0.021362,-0.061401,1.016357
20250204202208,2155650,0.021484,-0.061523,1.017700
20250204202209,2156654,0.020630,-0.062012,1.017700
20250204202210,2157659,0.021606,-0.061768,1.016602
20250204202211,2158663,0.024048,-0.062134,1.018799
20250204202212,2159667,0.027344,-0.039673,1.066650
20250204202213,2160671,0.715942,-0.120361,-0.497192
20250204202214,2161675,0.409668,-0.053223,-0.851074
20250204202215,2162680,0.497559,0.162354,-1.040894
20250204202216,2163685,-0.119507,0.069824,1.371582
20250204202217,2164688,0.000244,-0.187866,1.006348
20250204202218,2165692,0.056763,-0.233276,0.991943
20250204202219,2166697,-0.173218,-0.187134,0.986206
20250204202220,2167701,-0.087158,-0.120117,1.008179
20250204202221,2168705,-0.101929,-0.118774,1.023560
20250204202222,2169709,-0.055054,-0.032471,1.009277
20250204202223,2170713,-0.055054,-0.107544,1.018799
20250204202224,2171717,-0.021851,-0.069946,1.012085
20250204202225,2172722,-0.025879,-0.069824,1.015015
20250204202226,2173726,-0.023804,-0.072144,1.016357
20250204202227,2174731,-0.023560,-0.072266,1.015991
20250204202228,2175735,-0.024902,-0.070190,1.015991
20250204202229,2176739,-0.024780,-0.069580,1.017090
20250204202230,2177743,-0.023804,-0.072021,1.016357
20250204202231,2178747,-0.023926,-0.072021,1.016479
20250204202232,2179751,-0.024170,-0.070435,1.016968
20250204202233,2180756,-0.024170,-0.071411,1.016724
20250204202234,2181760,-0.024292,-0.070312,1.016602
20250204202235,2182764,-0.024170,-0.069458,1.016113
20250204202236,2183769,-0.024048,-0.069824,1.016602
20250204202237,2184773,-0.023193,-0.070923,1.017334
20250204202238,2185778,-0.022949,-0.070312,1.017578
20250204202239,2186782,-0.024536,-0.070068,1.016479
20250204202240,2187786,-0.023437,-0.069580,1.016479
20250204202241,2188790,-0.024170,-0.069946,1.016235
20250204202242,2189794,-0.024658,-0.069458,1.015381
20250204202243,2190797,-0.025391,-0.070190,1.015991
20250204202244,2191802,-0.024170,-0.070312,1.015991
20250204202245,2192807,-0.022583,-0.071045,1.015991
20250204202246,2193811,-0.023682,-0.070435,1.016968
20250204202247,2194815,-0.024292,-0.068970,1.016846
20250204202248,2195819,-0.023804,-0.071411,1.015503
20250204202249,2196825,-0.022827,-0.071533,1.015747
20250204202250,2197830,-0.023315,-0.072266,1.014404
20250204202251,2198834,-0.024048,-0.069702,1.015381
20250204202252,2199838,-0.025391,-0.069214,1.014526
20250204202253,2200842,-0.023315,-0.071411,1.013672
20250204202254,2201846,-0.023804,-0.070801,1.014648
20250204202255,2202850,-0.024048,-0.069946,1.013550
20250204202256,2203854,-0.023315,-0.070312,1.014526
20250204202257,2204858,-0.023193,-0.069702,1.014648
20250204202258,2205862,-0.023437,-0.068726,1.014648
20250204202259,2206866,-0.023193,-0.069702,1.015137
20250204202300,2207870,-0.022583,-0.070190,1.014038
20250204202301,2208875,-0.024902,-0.070068,1.014282
20250204202302,2209878,-0.023193,-0.069458,1.014771
20250204202303,2210882,-0.024658,-0.070190,1.014160
20250204202304,2211886,-0.023682,-0.070312,1.014404
20250204202305,2212891,-0.023804,-0.070679,1.014893
20250204202306,2213894,-0.023315,-0.069214,1.014771
20250204202307,2214898,-0.023437,-0.070312,1.015137
20250204202308,2215903,-0.023804,-0.069580,1.015991
20250204202309,2216907,-0.023804,-0.069824,1.016357
20250204202310,2217911,-0.024902,-0.070190,1.015991
20250204202311,2218916,-0.023560,-0.069946,1.015381
20250204202312,2219919,-0.021973,-0.070190,1.015991
20250204202313,2220924,-0.024414,-0.070557,1.014038
20250204202314,2221928,-0.023926,-0.069946,1.016235
20250204202315,2222931,-0.023804,-0.069092,1.016968
20250204202316,2223935,-0.023682,-0.069214,1.015869
20250204202317,2224940,-0.024658,-0.068848,1.015747
20250204202318,2225944,-0.023560,-0.069458,1.015991
20250204202319,2226949,-0.023560,-0.069458,1.016113
20250204202320,2227953,-0.024536,-0.070190,1.015259
20250204202321,2228956,-0.023804,-0.069336,1.016602
20250204202322,2229961,-0.023315,-0.069824,1.016113
20250204202323,2230965,-0.022949,-0.070801,1.016479
20250204202324,2231969,-0.023560,-0.069458,1.016724
20250204202325,2232973,-0.023437,-0.068115,1.017456
20250204202326,2233978,-0.023804,-0.069946,1.016235
20250204202327,2234982,-0.024292,-0.069458,1.015503
20250204202328,2235987,-0.024414,-0.069824,1.015625
20250204202329,2236991,-0.024414,-0.069458,1.016113
20250204202330,2237996,-0.023193,-0.069946,1.016479
20250204202331,2239000,-0.022095,-0.069824,1.016113
20250204202332,2240004,-0.023682,-0.069458,1.015137
20250204202333,2241008,-0.023926,-0.069458,1.017212
20250204202334,2242012,-0.022705,-0.069580,1.015991
20250204202335,2243017,-0.022827,-0.069336,1.016113
20250204202336,2244021,-0.024292,-0.069580,1.015503
20250204202337,2245025,-0.022949,-0.069702,1.016113
20250204202338,2246029,-0.023437,-0.070923,1.015625
20250204202339,2247033,-0.023804,-0.069946,1.015991
20250204202340,2248037,-0.024292,-0.070557,1.015747
20250204202341,2249042,-0.022705,-0.069458,1.015015
20250204202342,2250046,-0.023682,-0.069824,1.014771
20250204202343,2251051,-0.023560,-0.069580,1.015381
20250204202344,2252055,-0.023682,-0.069580,1.015869
20250204202345,2253059,-0.023193,-0.069336,1.015503
20250204202346,2254063,-0.022339,-0.069702,1.015747
20250204202347,2255067,-0.022461,-0.069702,1.014893
20250204202348,2256071,-0.023926,-0.069336,1.015747
20250204202349,2257075,-0.022949,-0.069092,1.015869
20250204202350,2258079,-0.023071,-0.069824,1.016113
20250204202351,2259083,-0.022583,-0.069580,1.015381
20250204202352,2260087,-0.023560,-0.068481,1.015991
20250204202353,2261091,-0.023437,-0.069336,1.015503
20250204202354,2262095,-0.023926,-0.068970,1.016113
20250204202355,2263099,-0.023193,-0.069946,1.015625
20250204202356,2264102,-0.024902,-0.069702,1.015259
20250204202357,2265106,-0.023315,-0.069458,1.015503
20250204202358,2266110,-0.023437,-0.070557,1.015625
20250204202359,2267114,-0.024048,-0.068726,1.014648
20250204202400,2268118,-0.023804,-0.069458,1.014771
20250204202401,2269121,-0.023804,-0.069580,1.015381
20250204202402,2270125,-0.023193,-0.069580,1.016602
20250204202403,2271129,-0.022949,-0.069580,1.016602
20250204202404,2272134,-0.022949,-0.069824,1.015503
20250204202405,2273137,-0.023071,-0.068970,1.015259
20250204202406,2274141,-0.024414,-0.069336,1.015015
20250204202407,2275147,-0.024170,-0.068970,1.015015
20250204202408,2276151,-0.023926,-0.069092,1.014893
20250204202409,2277155,-0.023193,-0.069946,1.015259
20250204202410,2278160,-0.023804,-0.069702,1.015747
20250204202411,2279163,-0.023682,-0.068726,1.015869
20250204202412,2280167,-0.022583,-0.069092,1.015747
20250204202413,2281171,-0.023315,-0.069092,1.015259
20250204202414,2282176,-0.023560,-0.069092,1.015503
20250204202415,2283180,-0.023926,-0.069702,1.015503
20250204202416,2284184,-0.023560,-0.069336,1.016479
20250204202417,2285189,-0.024414,-0.069702,1.015625
20250204202418,2286193,-0.024170,-0.070068,1.015625
20250204202419,2287198,-0.024536,-0.069580,1.015747
20250204202420,2288203,-0.022949,-0.070190,1.015503
20250204202421,2289206,-0.022461,-0.069580,1.015503
20250204202422,2290211,-0.023193,-0.069824,1.016479
20250204202423,2291215,-0.022949,-0.069458,1.016724
20250204202424,2292219,-0.023437,-0.069946,1.016113
20250204202425,2293224,-0.023193,-0.068604,1.016357
20250204202426,2294227,-0.023560,-0.070068,1.015625
20250204202427,2295232,-0.022827,-0.069824,1.015137
20250204202428,2296236,-0.023071,-0.069580,1.015503
20250204202429,2297240,-0.023437,-0.069946,1.016113
20250204202430,2298246,-0.023560,-0.069336,1.016235
20250204202431,2299250,-0.022705,-0.069214,1.015869
20250204202432,2300254,-0.023682,-0.069580,1.015503
20250204202433,2301257,-0.023804,-0.068970,1.014893
20250204202434,2302262,-0.024170,-0.069824,1.015259
20250204202435,2303267,-0.022949,-0.069946,1.015137
20250204202436,2304271,-0.023560,-0.069580,1.016113
20250204202437,2305275,-0.024170,-0.069580,1.015869
20250204202438,2306280,-0.023682,-0.068848,1.016357
20250204202439,2307285,-0.023437,-0.070068,1.016113
20250204202440,2308289,-0.023560,-0.068726,1.015259
20250204202441,2309293,-0.023682,-0.069214,1.015381
20250204202442,2310297,-0.024292,-0.069458,1.015381
20250204202443,2311302,-0.024414,-0.069824,1.016113
20250204202444,2312306,-0.023560,-0.070068,1.016235
20250204202445,2313311,-0.023071,-0.069336,1.016357
20250204202446,2314315,-0.023315,-0.069214,1.015869
20250204202447,2315319,-0.023560,-0.070068,1.015137
20250204202448,2316324,-0.023804,-0.069580,1.015991
20250204202449,2317328,-0.023560,-0.069092,1.015259
20250204202450,2318333,-0.023071,-0.069580,1.015381
20250204202451,2319337,-0.023560,-0.069214,1.015259
20250204202452,2320341,-0.023437,-0.067749,1.014404
20250204202453,2321345,-0.022827,-0.069824,1.015869
20250204202454,2322350,-0.022705,-0.070557,1.014893
20250204202455,2323355,-0.023437,-0.069214,1.015625
20250204202456,2324360,-0.022583,-0.069702,1.015259
20250204202457,2325363,-0.023560,-0.069702,1.015381
20250204202458,2326368,-0.024414,-0.068604,1.014893
20250204202459,2327372,-0.023682,-0.069336,1.015137
20250204202500,2328376,-0.023926,-0.069092,1.014771
20250204202501,2329380,-0.023071,-0.068604,1.015625
20250204202502,2330384,-0.023560,-0.069458,1.015015
20250204202503,2331388,-0.023437,-0.068848,1.014404
20250204202504,2332392,-0.023071,-0.068970,1.015137
20250204202505,2333396,-0.023193,-0.069702,1.015991
20250204202506,2334400,-0.023193,-0.069702,1.015869
20250204202507,2335405,-0.023804,-0.070068,1.015747
20250204202508,2336409,-0.024414,-0.069580,1.016235
20250204202509,2337413,-0.023804,-0.069824,1.015625
20250204202510,2338418,-0.024170,-0.069824,1.015747
20250204202511,2339423,-0.023804,-0.069946,1.016357
20250204202512,2340427,-0.023315,-0.070068,1.015747
20250204202513,2341432,-0.023315,-0.070190,1.015625
20250204202514,2342436,-0.023071,-0.069092,1.015015
20250204202515,2343440,-0.023682,-0.068848,1.015381
20250204202517,2344444,-0.023437,-0.069702,1.015259
20250204202517,2345448,-0.023926,-0.069336,1.015381
20250204202518,2346453,-0.024048,-0.069336,1.015381
20250204202519,2347457,-0.023437,-0.068604,1.015747
20250204202521,2348461,-0.023437,-0.069580,1.016235
20250204202522,2349465,-0.023315,-0.069336,1.015137
20250204202523,2350469,-0.022461,-0.070190,1.015747
20250204202524,2351473,-0.022949,-0.068848,1.015625
20250204202525,2352478,-0.022949,-0.069458,1.016235
20250204202526,2353482,-0.023193,-0.069336,1.015381
20250204202527,2354486,-0.022705,-0.069580,1.015747
20250204202528,2355491,-0.023437,-0.068726,1.016357
20250204202529,2356495,-0.022827,-0.070190,1.015137
20250204202530,2357499,-0.024170,-0.068848,1.015137
20250204202531,2358503,-0.023682,-0.068848,1.015381
20250204202532,2359508,-0.023560,-0.069092,1.015747
20250204202533,2360512,-0.024048,-0.069092,1.016235
20250204202534,2361517,-0.023315,-0.070557,1.015381
20250204202535,2362521,-0.023315,-0.068726,1.015625
20250204202536,2363525,-0.023926,-0.069824,1.015869
20250204202537,2364529,-0.022583,-0.069580,1.014526
20250204202538,2365533,-0.022705,-0.069458,1.015503
20250204202539,2366536,-0.023437,-0.069092,1.015991
20250204202540,2367540,-0.022095,-0.069458,1.015259
20250204202541,2368544,-0.023437,-0.069946,1.016602
20250204202542,2369549,-0.023071,-0.068848,1.015259
20250204202543,2370553,-0.023804,-0.069580,1.014404
20250204202544,2371557,-0.023560,-0.069580,1.015503
20250204202545,2372561,-0.023560,-0.069580,1.015625
20250204202546,2373565,-0.023560,-0.069702,1.015381
20250204202547,2374569,-0.023193,-0.068970,1.015625
20250204202548,2375573,-0.023437,-0.068970,1.014893
20250204202549,2376578,-0.023682,-0.069580,1.015991
20250204202550,2377583,-0.023437,-0.069946,1.015869
20250204202551,2378587,-0.023682,-0.069092,1.015991
20250204202552,2379592,-0.023193,-0.070068,1.015625
20250204202553,2380596,-0.022949,-0.069946,1.015991
20250204202554,2381601,-0.023437,-0.069580,1.015625
20250204202555,2382605,-0.023682,-0.069092,1.015869
20250204202556,2383609,-0.022461,-0.070068,1.016357
20250204202557,2384613,-0.023682,-0.069824,1.015991
20250204202558,2385618,-0.024170,-0.069458,1.015991
20250204202559,2386621,-0.021973,-0.068848,1.016602
20250204202600,2387625,-0.023437,-0.070557,1.017090
20250204202601,2388630,-0.023193,-0.069458,1.016235
20250204202602,2389634,-0.023804,-0.070068,1.016113
20250204202603,2390638,-0.023560,-0.070190,1.016602
20250204202604,2391642,-0.022461,-0.069946,1.017212
20250204202605,2392646,-0.023560,-0.069214,1.016602
20250204202606,2393651,-0.023315,-0.068604,1.016724
20250204202607,2394654,-0.022705,-0.069336,1.017334
20250204202608,2395659,-0.023437,-0.068359,1.015625
20250204202609,2396663,-0.024414,-0.069336,1.015625
20250204202610,2397667,-0.024170,-0.069580,1.016113
20250204202611,2398671,-0.022949,-0.069702,1.016113
20250204202612,2399675,-0.024170,-0.069214,1.014526
20250204202613,2400679,-0.022949,-0.068970,1.015015
20250204202614,2401684,-0.022705,-0.069580,1.015869
20250204202615,2402688,-0.022583,-0.069824,1.016968
20250204202616,2403692,-0.023437,-0.070435,1.015503
20250204202617,2404697,-0.022949,-0.069214,1.015137
20250204202618,2405702,-0.024780,-0.069214,1.015869
20250204202619,2406707,-0.024292,-0.068604,1.015747
20250204202620,2407711,-0.023193,-0.069946,1.015869
20250204202621,2408716,-0.023560,-0.070557,1.014648
20250204202622,2409720,-0.023315,-0.069580,1.015015
20250204202623,2410725,-0.022705,-0.069214,1.015381
20250204202624,2411728,-0.022949,-0.068848,1.015503
20250204202625,2412733,-0.022583,-0.070435,1.015137
20250204202626,2413737,-0.022461,-0.068604,1.015869
20250204202627,2414741,-0.023193,-0.068726,1.015381
20250204202628,2415745,-0.023193,-0.068726,1.015991
20250204202629,2416749,-0.023682,-0.069092,1.014771
20250204202630,2417754,-0.023315,-0.069092,1.015259
20250204202631,2418759,-0.023560,-0.068848,1.016235
20250204202632,2419763,-0.023437,-0.069824,1.015503
20250204202633,2420767,-0.022461,-0.070312,1.015869
20250204202634,2421771,-0.023926,-0.069580,1.015747
20250204202635,2422775,-0.023193,-0.069580,1.015381
20250204202636,2423779,-0.021973,-0.069458,1.015259
20250204202637,2424783,-0.022827,-0.069580,1.015991
20250204202638,2425787,-0.023437,-0.069336,1.015137
20250204202639,2426791,-0.022583,-0.068848,1.016602
20250204202640,2427795,-0.023315,-0.069214,1.016113
20250204202641,2428800,-0.023682,-0.070068,1.015503
20250204202642,2429804,-0.023682,-0.068970,1.015259
20250204202643,2430808,-0.022339,-0.069336,1.015503
20250204202644,2431813,-0.023193,-0.069214,1.015991
20250204202645,2432818,-0.023437,-0.070068,1.015259
20250204202646,2433821,-0.023437,-0.068970,1.014648
20250204202647,2434826,-0.022949,-0.069824,1.015259
20250204202648,2435829,-0.023804,-0.069336,1.015015
20250204202649,2436835,-0.023437,-0.068970,1.015381
20250204202650,2437839,-0.023437,-0.068970,1.016724
20250204202651,2438843,-0.022827,-0.069336,1.017090
20250204202652,2439847,-0.022461,-0.069336,1.017822
20250204202653,2440851,-0.023315,-0.069214,1.016357
20250204202654,2441855,-0.022827,-0.068726,1.015991
20250204202655,2442859,-0.022217,-0.069458,1.015869
20250204202656,2443863,-0.023071,-0.069580,1.015869
20250204202657,2444866,-0.023315,-0.069214,1.015259
20250204202658,2445871,-0.023437,-0.069336,1.015869
20250204202659,2446875,-0.022949,-0.069336,1.015625
20250204202700,2447878,-0.023315,-0.069214,1.016113
20250204202701,2448882,-0.022949,-0.069702,1.015503
20250204202702,2449887,-0.024048,-0.069092,1.015503
20250204202703,2450892,-0.022095,-0.069824,1.015747
20250204202704,2451896,-0.024414,-0.070312,1.016602
20250204202705,2452900,-0.023682,-0.069214,1.016113
20250204202706,2453904,-0.022217,-0.069458,1.016235
20250204202707,2454908,-0.023071,-0.069702,1.015991
20250204202708,2455912,-0.023315,-0.069824,1.016968
20250204202709,2456916,-0.023315,-0.069946,1.015747
20250204202710,2457920,-0.022827,-0.069092,1.015625
20250204202711,2458924,-0.023193,-0.070679,1.015259
20250204202712,2459929,-0.022827,-0.068970,1.014648
20250204202713,2460933,-0.023315,-0.069458,1.014893
20250204202714,2461938,-0.023071,-0.069336,1.015137
20250204202715,2462942,-0.023193,-0.069458,1.016479
20250204202716,2463947,-0.022583,-0.070190,1.015869
20250204202717,2464951,-0.023071,-0.068726,1.015869
20250204202718,2465955,-0.022827,-0.069702,1.014893
20250204202719,2466958,-0.022217,-0.069702,1.015381
20250204202720,2467963,-0.023926,-0.068970,1.015015
20250204202721,2468967,-0.022949,-0.070312,1.015137
20250204202722,2469970,-0.023682,-0.069458,1.015503
20250204202723,2470974,-0.023315,-0.069824,1.015991
20250204202724,2471979,-0.023193,-0.069458,1.016846
20250204202725,2472983,-0.022339,-0.069458,1.016113
20250204202726,2473988,-0.022339,-0.069946,1.015991
20250204202727,2474991,-0.023560,-0.068848,1.015503
20250204202728,2475995,-0.023437,-0.069702,1.015869
20250204202729,2477000,-0.023071,-0.068604,1.015991
20250204202730,2478003,-0.023682,-0.069336,1.014893
20250204202731,2479008,-0.023804,-0.069092,1.015137
20250204202732,2480012,-0.022949,-0.069580,1.015137
20250204202733,2481017,-0.022705,-0.069824,1.016235
20250204202734,2482021,-0.022949,-0.069336,1.016113
20250204202735,2483026,-0.022461,-0.069580,1.015381
20250204202736,2484030,-0.022339,-0.069336,1.014893
20250204202737,2485034,-0.023437,-0.070312,1.015259
20250204202738,2486039,-0.022949,-0.070312,1.015747
20250204202739,2487042,-0.023315,-0.069092,1.015381
20250204202740,2488047,-0.023193,-0.068237,1.015381
20250204202741,2489051,-0.023071,-0.068604,1.015137
20250204202742,2490055,-0.022339,-0.070190,1.015869
20250204202743,2491058,-0.023193,-0.068970,1.015137
20250204202744,2492063,-0.022705,-0.070068,1.015259
20250204202745,2493067,-0.022583,-0.069214,1.015625
20250204202746,2494071,-0.023437,-0.069214,1.016113
20250204202747,2495075,-0.023315,-0.069214,1.016113
20250204202748,2496079,-0.022949,-0.069946,1.015259
20250204202749,2497083,-0.023682,-0.068970,1.015625
20250204202750,2498087,-0.023193,-0.068604,1.015259
20250204202751,2499091,-0.022461,-0.068848,1.015381
20250204202752,2500096,-0.022217,-0.069336,1.015137
20250204202753,2501100,-0.023315,-0.069458,1.015747
20250204202754,2502103,-0.023682,-0.068726,1.016357
20250204202755,2503108,-0.023560,-0.069702,1.015869
20250204202756,2504112,-0.023560,-0.070190,1.015869
20250204202757,2505116,-0.023560,-0.069824,1.016357
20250204202758,2506120,-0.023193,-0.069458,1.015259
20250204202759,2507124,-0.021362,-0.069092,1.016113
20250204202800,2508128,-0.023193,-0.069458,1.015381
20250204202801,2509132,-0.023926,-0.068970,1.015869
20250204202802,2510136,-0.023560,-0.069946,1.015747
20250204202803,2511141,-0.023682,-0.070679,1.015503
20250204202804,2512146,-0.022949,-0.069824,1.015625
20250204202805,2513151,-0.022583,-0.068848,1.016357
20250204202806,2514155,-0.023926,-0.068115,1.017212
20250204202807,2515161,-0.023315,-0.069336,1.016113
20250204202808,2516166,-0.022827,-0.068726,1.016357
20250204202809,2517170,-0.023437,-0.069336,1.015625
20250204202810,2518174,-0.022827,-0.068604,1.015991
20250204202811,2519178,-0.023926,-0.070068,1.014648
20250204202812,2520182,-0.022583,-0.069580,1.015015
20250204202813,2521187,-0.024170,-0.069946,1.015869
20250204202814,2522192,-0.023315,-0.070312,1.015259
20250204202815,2523197,-0.022705,-0.069702,1.015259
20250204202816,2524200,-0.022705,-0.070557,1.016113
20250204202817,2525205,-0.023193,-0.068970,1.015869
20250204202818,2526214,-0.023804,-0.068848,1.014893
20250204202819,2527219,-0.023682,-0.070068,1.016113
20250204202820,2528224,-0.023682,-0.069580,1.016357
20250204202821,2529229,-0.022583,-0.069458,1.015625
20250204202822,2530232,-0.023682,-0.069458,1.015991
20250204202823,2531236,-0.023437,-0.069336,1.016113
20250204202824,2532243,-0.022949,-0.069824,1.017090
20250204202825,2533247,-0.023560,-0.070435,1.016724
20250204202826,2534251,-0.024048,-0.069946,1.015625
20250204202827,2535255,-0.023682,-0.069336,1.016724
20250204202828,2536259,-0.023804,-0.069580,1.016113
20250204202829,2537262,-0.023560,-0.069092,1.015991
20250204202830,2538267,-0.024048,-0.069336,1.016846
20250204202831,2539272,-0.022583,-0.069580,1.017090
20250204202832,2540276,-0.022827,-0.068970,1.016235
20250204202833,2541280,-0.023804,-0.069580,1.016846
20250204202834,2542285,-0.023193,-0.068726,1.015747
20250204202835,2543289,-0.023315,-0.068848,1.015869
20250204202836,2544293,-0.023437,-0.069458,1.015869
20250204202837,2545297,-0.023926,-0.069214,1.016479
20250204202838,2546301,-0.024536,-0.070068,1.015991
20250204202839,2547305,-0.023315,-0.069702,1.015869
20250204202840,2548312,-0.023560,-0.069580,1.015381
20250204202841,2549316,-0.022583,-0.070679,1.015259
20250204202842,2550321,-0.022583,-0.069458,1.015137
20250204202843,2551326,-0.023926,-0.069702,1.015747
20250204202844,2552332,-0.023071,-0.069824,1.015137
20250204202845,2553335,-0.022949,-0.069824,1.016113
20250204202846,2554340,-0.024536,-0.068604,1.016235
20250204202847,2555344,-0.022583,-0.069336,1.016846
20250204202848,2556349,-0.022827,-0.069458,1.015991
20250204202849,2557353,-0.023315,-0.070190,1.015991
20250204202850,2558358,-0.023193,-0.069092,1.016724
20250204202851,2559363,-0.022095,-0.069336,1.016357
20250204202852,2560368,-0.023437,-0.069214,1.015991
20250204202853,2561373,-0.023926,-0.069336,1.015991
20250204202854,2562378,-0.023071,-0.068970,1.016235
20250204202855,2563382,-0.023682,-0.069946,1.016235
20250204202856,2564387,-0.022339,-0.070190,1.015015
20250204202857,2565392,-0.023315,-0.069824,1.015869
20250204202858,2566398,-0.023071,-0.069824,1.015503
20250204202859,2567401,-0.021973,-0.069458,1.015381
20250204202900,2568406,-0.022583,-0.069336,1.015869
20250204202901,2569411,-0.023437,-0.069458,1.014771
20250204202902,2570416,-0.023926,-0.069824,1.015503
20250204202903,2571422,-0.022949,-0.068970,1.015259
20250204202904,2572426,-0.022827,-0.069824,1.015991
20250204202905,2573430,-0.023437,-0.070068,1.015625
20250204202906,2574434,-0.022827,-0.069092,1.016479
20250204202907,2575439,-0.023315,-0.069092,1.015625
20250204202908,2576444,-0.022705,-0.068726,1.015259
20250204202909,2577447,-0.022705,-0.069824,1.016479
20250204202910,2578452,-0.023193,-0.069214,1.015869
20250204202911,2579456,-0.023926,-0.069580,1.015259
20250204202912,2580461,-0.022339,-0.069092,1.015991
20250204202913,2581465,-0.023560,-0.070068,1.015015
20250204202914,2582469,-0.023437,-0.069946,1.015381
20250204202915,2583474,-0.023437,-0.069702,1.015137
20250204202917,2584478,-0.022949,-0.069580,1.015015
20250204202917,2585484,-0.023437,-0.069580,1.015747
20250204202919,2586489,-0.023560,-0.069214,1.016113
20250204202920,2587494,-0.022949,-0.069092,1.016113
20250204202921,2588498,-0.023315,-0.069702,1.016235
20250204202922,2589502,-0.022461,-0.069580,1.015991
20250204202923,2590506,-0.023682,-0.069824,1.015869
20250204202924,2591510,-0.022949,-0.069092,1.015991
20250204202925,2592514,-0.023682,-0.069214,1.015747
20250204202926,2593518,-0.024292,-0.069702,1.015503
20250204202927,2594523,-0.023193,-0.069580,1.015869
20250204202928,2595527,-0.022583,-0.069702,1.016479
20250204202929,2596534,-0.023437,-0.069702,1.017090
20250204202930,2597538,-0.022583,-0.070312,1.015869
20250204202931,2598543,-0.023071,-0.068848,1.015503
20250204202932,2599547,-0.023560,-0.069824,1.015991
20250204202933,2600552,-0.023071,-0.069824,1.015747
20250204202934,2601556,-0.023560,-0.069580,1.015747
20250204202935,2602560,-0.023560,-0.069458,1.014771
20250204202936,2603565,-0.023682,-0.069336,1.015381
20250204202937,2604569,-0.022583,-0.069580,1.015991
20250204202938,2605574,-0.023071,-0.069214,1.015381
20250204202939,2606578,-0.023193,-0.069336,1.015625
20250204202940,2607582,-0.023315,-0.069336,1.015991
20250204202941,2608586,-0.022583,-0.069458,1.015991
20250204202942,2609591,-0.023804,-0.069702,1.015991
20250204202943,2610594,-0.023193,-0.069336,1.016724
20250204202944,2611599,-0.023193,-0.070312,1.015869
20250204202945,2612603,-0.022339,-0.068848,1.016357
20250204202946,2613608,-0.022827,-0.070190,1.016113
20250204202947,2614612,-0.023315,-0.069946,1.016113
20250204202948,2615616,-0.023926,-0.069214,1.015747
20250204202949,2616620,-0.022949,-0.069824,1.015625
20250204202950,2617625,-0.022827,-0.070068,1.016113
20250204202951,2618630,-0.023437,-0.069702,1.016479
20250204202952,2619635,-0.023071,-0.068970,1.016113
20250204202953,2620640,-0.023437,-0.068726,1.015747
20250204202954,2621644,-0.022461,-0.069214,1.015991
20250204202955,2622648,-0.022217,-0.069946,1.016724
20250204202956,2623651,-0.022827,-0.069214,1.015869
20250204202957,2624655,-0.021973,-0.069702,1.015869
20250204202958,2625659,-0.023560,-0.070679,1.015503
20250204202959,2626664,-0.024170,-0.069092,1.015869
20250204203000,2627668,-0.024048,-0.069702,1.015991
20250204203001,2628673,-0.023926,-0.070435,1.016357
20250204203002,2629678,-0.023682,-0.070190,1.016235
20250204203003,2630682,-0.023193,-0.069580,1.015747
20250204203004,2631686,-0.023193,-0.070435,1.016602
20250204203005,2632689,-0.023193,-0.070068,1.016479
20250204203006,2633694,-0.022217,-0.069458,1.015991
20250204203007,2634697,-0.022827,-0.069946,1.016235
20250204203008,2635703,-0.022217,-0.069214,1.015991
20250204203009,2636706,-0.022583,-0.069946,1.016357
20250204203010,2637711,-0.023071,-0.069824,1.015137
20250204203011,2638715,-0.023071,-0.068848,1.015991
20250204203012,2639720,-0.022339,-0.070068,1.016479
20250204203013,2640723,-0.022827,-0.070190,1.016235
20250204203014,2641728,-0.024170,-0.068481,1.015991
20250204203015,2642732,-0.022705,-0.069336,1.016235
20250204203016,2643736,-0.022827,-0.069580,1.016479
20250204203017,2644741,-0.022339,-0.070435,1.016602
20250204203018,2645745,-0.024780,-0.069580,1.016235
20250204203019,2646751,-0.023437,-0.069336,1.016602
20250204203020,2647755,-0.023682,-0.070190,1.015381
20250204203021,2648759,-0.022705,-0.069824,1.016235
20250204203022,2649763,-0.023315,-0.069946,1.016602
20250204203023,2650767,-0.023560,-0.069702,1.015625
20250204203024,2651771,-0.022339,-0.069946,1.016846
20250204203025,2652775,-0.024414,-0.070312,1.015747
20250204203026,2653780,-0.023071,-0.069580,1.015991
20250204203027,2654783,-0.023071,-0.069946,1.015503
20250204203028,2655787,-0.023560,-0.070557,1.015747
20250204203029,2656792,-0.023560,-0.069580,1.016846
20250204203030,2657796,-0.023315,-0.069702,1.016113
20250204203031,2658799,-0.022949,-0.069458,1.016113
20250204203032,2659803,-0.022949,-0.069824,1.015625
20250204203033,2660808,-0.022949,-0.069946,1.015503
20250204203034,2661811,-0.022461,-0.068970,1.015747
20250204203035,2662816,-0.022827,-0.069702,1.015137
20250204203036,2663820,-0.023315,-0.070679,1.016479
20250204203037,2664824,-0.023071,-0.069458,1.016724
20250204203038,2665829,-0.023560,-0.068604,1.015991
20250204203039,2666833,-0.022461,-0.070190,1.016357
20250204203040,2667837,-0.022583,-0.070190,1.016235
20250204203041,2668841,-0.021973,-0.069458,1.016113
20250204203042,2669844,-0.022461,-0.070068,1.016479
20250204203043,2670849,-0.022339,-0.070435,1.015869
20250204203044,2671853,-0.023071,-0.069336,1.015503
20250204203045,2672858,-0.024048,-0.069702,1.016113
20250204203046,2673862,-0.023926,-0.069946,1.015625
20250204203047,2674867,-0.022949,-0.069824,1.016602
20250204203048,2675871,-0.024414,-0.069702,1.015503
20250204203049,2676876,-0.022949,-0.069336,1.015137
20250204203050,2677880,-0.023437,-0.070190,1.015869
20250204203051,2678885,-0.022339,-0.069946,1.015869
20250204203052,2679889,-0.023682,-0.069580,1.016235
20250204203053,2680893,-0.023193,-0.069580,1.015747
20250204203054,2681898,-0.022217,-0.069824,1.015747
20250204203055,2682901,-0.023071,-0.069458,1.015991
20250204203056,2683905,-0.022583,-0.069580,1.015015
20250204203057,2684910,-0.023071,-0.069702,1.015015
20250204203058,2685914,-0.023560,-0.070312,1.014526
20250204203059,2686918,-0.023193,-0.069702,1.015259
20250204203100,2687923,-0.023682,-0.070312,1.015015
20250204203101,2688927,-0.023193,-0.069580,1.015625
20250204203102,2689931,-0.023560,-0.069092,1.015991
20250204203103,2690936,-0.023315,-0.070068,1.015259
20250204203104,2691940,-0.022461,-0.069214,1.015869
20250204203105,2692944,-0.022339,-0.070801,1.016724
20250204203106,2693948,-0.023560,-0.070190,1.016235
20250204203107,2694952,-0.023071,-0.069092,1.015015
20250204203108,2695956,-0.022705,-0.069336,1.015259
20250204203109,2696961,-0.023193,-0.070312,1.015869
20250204203110,2697964,-0.023315,-0.069824,1.016113
20250204203111,2698969,-0.023682,-0.069580,1.015991
20250204203112,2699974,-0.022827,-0.069580,1.016235
20250204203113,2700978,-0.023193,-0.069214,1.016968
20250204203114,2701982,-0.023071,-0.069336,1.015137
20250204203115,2702987,-0.023560,-0.070068,1.015381
20250204203116,2703991,-0.022827,-0.069580,1.015137
20250204203117,2704995,-0.022949,-0.069946,1.015503
20250204203118,2706000,-0.022705,-0.069214,1.013916
20250204203119,2707003,-0.023071,-0.070312,1.015381
20250204203120,2708008,-0.023315,-0.069092,1.015259
20250204203121,2709012,-0.022583,-0.069946,1.014282
20250204203122,2710016,-0.023682,-0.069580,1.015747
20250204203123,2711020,-0.023071,-0.069092,1.015625
20250204203124,2712024,-0.024048,-0.069824,1.015625
20250204203125,2713028,-0.023437,-0.069702,1.015381
20250204203126,2714032,-0.023682,-0.069458,1.015869
20250204203127,2715036,-0.024048,-0.070190,1.015991
20250204203128,2716040,-0.023437,-0.070068,1.016479
20250204203129,2717044,-0.022827,-0.069824,1.016602
20250204203130,2718048,-0.022705,-0.068359,1.016235
20250204203131,2719052,-0.023193,-0.069214,1.015869
20250204203132,2720056,-0.022827,-0.069702,1.015503
20250204203133,2721062,-0.023315,-0.069458,1.015381
20250204203134,2722065,-0.023315,-0.069702,1.015747
20250204203135,2723070,-0.022949,-0.069092,1.016113
20250204203136,2724074,-0.022583,-0.069336,1.016357
20250204203137,2725078,-0.023193,-0.069946,1.016724
20250204203138,2726082,-0.024292,-0.069702,1.015625
20250204203139,2727086,-0.023682,-0.069824,1.016479
20250204203140,2728091,-0.023682,-0.069458,1.015747
20250204203141,2729094,-0.023560,-0.069336,1.016113
20250204203142,2730098,-0.022705,-0.069458,1.016724
20250204203143,2731103,-0.022949,-0.070435,1.015869
20250204203144,2732107,-0.022949,-0.070068,1.016602
20250204203145,2733111,-0.022583,-0.069580,1.016235
20250204203146,2734116,-0.021973,-0.069336,1.016357
20250204203147,2735120,-0.022705,-0.069092,1.015991
20250204203148,2736125,-0.023682,-0.070312,1.015259
20250204203149,2737129,-0.023193,-0.069336,1.015503
20250204203150,2738133,-0.022827,-0.069946,1.015503
20250204203151,2739137,-0.023315,-0.070190,1.015869
20250204203152,2740141,-0.023804,-0.069214,1.015747
20250204203153,2741145,-0.023071,-0.069458,1.015625
20250204203154,2742149,-0.023560,-0.070190,1.015869
20250204203155,2743154,-0.022461,-0.070435,1.015869
20250204203156,2744158,-0.022827,-0.069336,1.015747
20250204203157,2745163,-0.023560,-0.069214,1.015015
20250204203158,2746167,-0.022827,-0.069702,1.015869
20250204203159,2747171,-0.022827,-0.069946,1.016846
20250204203200,2748176,-0.022339,-0.069092,1.016235
20250204203201,2749180,-0.022949,-0.069702,1.015747
20250204203202,2750184,-0.023071,-0.069946,1.015991
20250204203203,2751187,-0.023804,-0.069946,1.015869
20250204203204,2752192,-0.023315,-0.069214,1.016479
20250204203205,2753195,-0.022827,-0.069946,1.015991
20250204203206,2754199,-0.024048,-0.069336,1.015991
20250204203207,2755203,-0.023804,-0.069458,1.016602
20250204203208,2756207,-0.024170,-0.069336,1.016113
20250204203209,2757212,-0.023193,-0.070679,1.017090
20250204203210,2758216,-0.022827,-0.069946,1.015259
20250204203211,2759220,-0.023926,-0.069946,1.016357
20250204203212,2760223,-0.022949,-0.069702,1.016113
20250204203213,2761228,-0.022827,-0.069824,1.015747
20250204203214,2762232,-0.022339,-0.069580,1.015381
20250204203215,2763236,-0.023682,-0.068848,1.015503
20250204203216,2764241,-0.022705,-0.069702,1.015381
20250204203217,2765245,-0.022705,-0.070312,1.015747
20250204203218,2766250,-0.023804,-0.069580,1.016235
20250204203219,2767254,-0.022949,-0.070190,1.016235
20250204203220,2768259,-0.022827,-0.069702,1.016357
20250204203221,2769263,-0.023071,-0.069824,1.015259
20250204203222,2770268,-0.023193,-0.070068,1.015869
20250204203223,2771272,-0.022705,-0.069336,1.015747
20250204203224,2772276,-0.022217,-0.069336,1.016235
20250204203225,2773280,-0.023193,-0.070190,1.016235
20250204203226,2774284,-0.023071,-0.068848,1.015503
20250204203227,2775288,-0.022827,-0.070068,1.015625
20250204203228,2776292,-0.023437,-0.069580,1.016113
20250204203229,2777296,-0.023437,-0.069336,1.016357
20250204203230,2778301,-0.023437,-0.068481,1.016724
20250204203231,2779305,-0.022461,-0.069580,1.015991
20250204203232,2780309,-0.023315,-0.070679,1.015259
20250204203233,2781315,-0.023071,-0.069336,1.015747
20250204203234,2782319,-0.023804,-0.070068,1.015869
20250204203235,2783323,-0.023193,-0.071167,1.015015
20250204203236,2784327,-0.023682,-0.069702,1.016602
20250204203237,2785331,-0.023682,-0.069092,1.015625
20250204203238,2786335,-0.022949,-0.068970,1.016113
20250204203239,2787339,-0.022461,-0.069580,1.015869
20250204203240,2788344,-0.023437,-0.070068,1.016113
20250204203241,2789348,-0.022461,-0.070312,1.016113
20250204203242,2790352,-0.024414,-0.068970,1.016357
20250204203243,2791357,-0.022705,-0.069946,1.015869
20250204203244,2792360,-0.022827,-0.070068,1.015991
20250204203245,2793364,-0.023193,-0.069702,1.015991
20250204203246,2794368,-0.022583,-0.069214,1.016113
20250204203247,2795372,-0.022705,-0.070679,1.015381
20250204203248,2796377,-0.022949,-0.069580,1.016602
20250204203249,2797381,-0.022217,-0.070190,1.016235
20250204203250,2798385,-0.023315,-0.070190,1.015869
20250204203251,2799390,-0.023437,-0.069824,1.015503
20250204203252,2800394,-0.022827,-0.069580,1.015503
20250204203253,2801398,-0.022705,-0.069702,1.015625
20250204203254,2802403,-0.022583,-0.068726,1.016357
20250204203255,2803407,-0.023315,-0.069580,1.015503
20250204203256,2804411,-0.022705,-0.070923,1.016235
20250204203257,2805416,-0.023071,-0.069214,1.016113
20250204203258,2806419,-0.022461,-0.069946,1.016357
20250204203259,2807424,-0.022583,-0.069702,1.016113
20250204203300,2808428,-0.023804,-0.070068,1.015625
20250204203301,2809432,-0.023071,-0.069458,1.015137
20250204203302,2810436,-0.022095,-0.069458,1.016846
20250204203303,2811440,-0.022461,-0.070190,1.015869
20250204203304,2812444,-0.023804,-0.070557,1.015015
20250204203305,2813449,-0.023682,-0.070557,1.016602
20250204203306,2814454,-0.022949,-0.069946,1.016479
20250204203307,2815458,-0.023193,-0.069702,1.015869
20250204203308,2816462,-0.023804,-0.069580,1.015747
20250204203309,2817465,-0.022827,-0.070190,1.015991
20250204203310,2818470,-0.023071,-0.070190,1.015503
20250204203311,2819474,-0.023437,-0.069580,1.015869
20250204203312,2820478,-0.022705,-0.070190,1.016113
20250204203313,2821482,-0.022461,-0.069702,1.016235
20250204203314,2822486,-0.022583,-0.069824,1.016235
20250204203315,2823491,-0.023193,-0.069214,1.016235
20250204203316,2824495,-0.022949,-0.069702,1.016968
20250204203317,2825499,-0.022339,-0.069702,1.017578
20250204203318,2826503,-0.022949,-0.069580,1.016479
20250204203319,2827508,-0.024048,-0.069824,1.015137
20250204203321,2828511,-0.022705,-0.069824,1.016602
20250204203322,2829515,-0.022217,-0.069336,1.016602
20250204203323,2830520,-0.023071,-0.070312,1.015991
20250204203324,2831524,-0.023437,-0.069092,1.016113
20250204203325,2832529,-0.023193,-0.070190,1.016113
20250204203326,2833533,-0.022949,-0.070190,1.016235
20250204203327,2834538,-0.023071,-0.070190,1.016235
20250204203328,2835542,-0.022583,-0.068970,1.016113
20250204203329,2836546,-0.022949,-0.070190,1.015869
20250204203330,2837551,-0.023071,-0.070435,1.016113
20250204203331,2838556,-0.022705,-0.070190,1.015625
20250204203332,2839560,-0.021973,-0.070068,1.015747
20250204203333,2840565,-0.023560,-0.070190,1.015747
20250204203334,2841568,-0.023071,-0.070312,1.016113
20250204203335,2842573,-0.022583,-0.069946,1.015991
20250204203336,2843577,-0.022705,-0.069580,1.016235
20250204203337,2844581,-0.023071,-0.069824,1.015625
20250204203338,2845585,-0.023437,-0.069214,1.015625
20250204203339,2846590,-0.023804,-0.069824,1.014893
20250204203340,2847594,-0.023071,-0.069336,1.016357
20250204203341,2848599,-0.023926,-0.069458,1.016357
20250204203342,2849604,-0.022583,-0.070068,1.015991
20250204203343,2850609,-0.021973,-0.070068,1.016357
20250204203344,2851613,-0.022583,-0.069702,1.015747
20250204203345,2852618,-0.022949,-0.069702,1.015625
20250204203346,2853622,-0.022827,-0.070068,1.016113
20250204203347,2854626,-0.023071,-0.069946,1.015503
20250204203348,2855630,-0.023804,-0.070557,1.016113
20250204203349,2856634,-0.023804,-0.069458,1.015991
20250204203350,2857639,-0.023071,-0.070435,1.016113
20250204203351,2858643,-0.022705,-0.069702,1.016479
20250204203352,2859647,-0.023560,-0.069214,1.016724
20250204203353,2860651,-0.023071,-0.070923,1.016968
20250204203354,2861655,-0.022949,-0.069458,1.016846
20250204203355,2862659,-0.022949,-0.069580,1.015991
20250204203356,2863663,-0.023560,-0.069336,1.016357
20250204203357,2864667,-0.022461,-0.070557,1.016113
20250204203358,2865671,-0.022461,-0.069702,1.016479
20250204203359,2866675,-0.023560,-0.069824,1.016602
20250204203400,2867678,-0.023071,-0.069580,1.015747
20250204203401,2868683,-0.023437,-0.070312,1.015503
20250204203402,2869687,-0.023315,-0.069580,1.015259
20250204203403,2870691,-0.023315,-0.069702,1.016113
20250204203404,2871696,-0.023682,-0.069824,1.015259
20250204203405,2872700,-0.023193,-0.069336,1.016357
20250204203406,2873703,-0.022827,-0.070068,1.015503
20250204203407,2874707,-0.022339,-0.070557,1.016357
20250204203408,2875711,-0.022583,-0.069214,1.015381
20250204203409,2876715,-0.022461,-0.069946,1.015869
20250204203410,2877719,-0.022339,-0.069214,1.016602
20250204203411,2878724,-0.022827,-0.069824,1.016113
20250204203412,2879729,-0.023804,-0.069702,1.015869
20250204203413,2880733,-0.022949,-0.069458,1.016602
20250204203414,2881737,-0.022583,-0.069458,1.016113
20250204203415,2882742,-0.023682,-0.070557,1.015381
20250204203416,2883747,-0.021973,-0.070068,1.015625
20250204203417,2884751,-0.022705,-0.069458,1.016113
20250204203418,2885754,-0.023437,-0.069458,1.015503
20250204203419,2886759,-0.022339,-0.070435,1.015381
20250204203420,2887763,-0.023315,-0.070679,1.015137
20250204203421,2888767,-0.023193,-0.068970,1.015869
20250204203422,2889771,-0.023560,-0.068848,1.015869
20250204203423,2890775,-0.022461,-0.069824,1.015747
20250204203424,2891780,-0.023560,-0.070557,1.015991
20250204203425,2892784,-0.023437,-0.069580,1.015991
20250204203426,2893789,-0.022705,-0.069824,1.016235
20250204203427,2894793,-0.022949,-0.069458,1.015015
20250204203428,2895798,-0.023193,-0.070801,1.016113
20250204203429,2896802,-0.023193,-0.070068,1.016602
20250204203430,2897806,-0.022583,-0.070312,1.016479
20250204203431,2898809,-0.022339,-0.069580,1.016113
20250204203432,2899814,-0.023071,-0.069580,1.014526
20250204203433,2900818,-0.023071,-0.069458,1.015259
20250204203434,2901822,-0.023315,-0.070068,1.016235
20250204203435,2902826,-0.023315,-0.069824,1.016479
20250204203436,2903831,-0.023193,-0.069092,1.016357
20250204203437,2904835,-0.023071,-0.069702,1.015747
20250204203438,2905839,-0.023437,-0.069214,1.016113
20250204203439,2906843,-0.023804,-0.070557,1.016479
20250204203440,2907846,-0.023193,-0.069336,1.015869
20250204203441,2908850,-0.023071,-0.068848,1.015991
20250204203442,2909855,-0.022583,-0.070435,1.015747
20250204203443,2910858,-0.022949,-0.069580,1.016235
20250204203444,2911862,-0.022461,-0.068848,1.015869
20250204203445,2912866,-0.022705,-0.069702,1.016235
20250204203446,2913870,-0.023315,-0.069458,1.015869
20250204203447,2914874,-0.023682,-0.069702,1.015625
20250204203448,2915878,-0.023682,-0.070312,1.016113
20250204203449,2916883,-0.023071,-0.069580,1.016724
20250204203450,2917887,-0.023071,-0.070190,1.015991
20250204203451,2918891,-0.022827,-0.069580,1.016113
20250204203452,2919896,-0.022827,-0.069946,1.016357
20250204203453,2920900,-0.022461,-0.070190,1.016479
20250204203454,2921904,-0.023071,-0.069214,1.015747
20250204203455,2922908,-0.023071,-0.069336,1.016357
20250204203456,2923912,-0.023315,-0.069092,1.016357
20250204203457,2924916,-0.023071,-0.069946,1.015869
20250204203458,2925920,-0.023560,-0.069458,1.015137
20250204203459,2926925,-0.023560,-0.069946,1.015137
20250204203500,2927928,-0.023071,-0.069946,1.015015
20250204203501,2928932,-0.022949,-0.070068,1.015259
20250204203502,2929937,-0.023560,-0.069946,1.015625
20250204203503,2930940,-0.022705,-0.069824,1.014648
20250204203504,2931945,-0.022217,-0.070068,1.015747
20250204203505,2932949,-0.023193,-0.069702,1.015381
20250204203506,2933953,-0.022949,-0.069092,1.016113
20250204203507,2934957,-0.023193,-0.069702,1.015259
20250204203508,2935961,-0.022827,-0.069580,1.016357
20250204203509,2936965,-0.022949,-0.069946,1.015991
20250204203510,2937970,-0.023071,-0.069336,1.016479
20250204203511,2938974,-0.022339,-0.070801,1.014771
20250204203512,2939978,-0.021606,-0.070312,1.015381
20250204203513,2940982,-0.023926,-0.070557,1.015503
20250204203514,2941986,-0.023437,-0.069946,1.015137
20250204203515,2942991,-0.022461,-0.070435,1.015991
20250204203516,2943995,-0.023315,-0.070068,1.015991
20250204203517,2944999,-0.023315,-0.069580,1.015381
20250204203518,2946003,-0.022217,-0.069092,1.016235
20250204203519,2947007,-0.024048,-0.069214,1.016846
20250204203520,2948011,-0.023071,-0.070190,1.014893
20250204203521,2949015,-0.023315,-0.069336,1.015625
20250204203522,2950019,-0.023071,-0.069824,1.016235
20250204203523,2951023,-0.022949,-0.069946,1.015747
20250204203524,2952027,-0.023071,-0.070068,1.015015
20250204203525,2953032,-0.023071,-0.069580,1.015015
20250204203526,2954036,-0.023315,-0.068726,1.015625
20250204203527,2955041,-0.021973,-0.070068,1.016479
20250204203528,2956045,-0.022827,-0.069702,1.016113
20250204203529,2957048,-0.022827,-0.069580,1.016357
20250204203530,2958052,-0.022827,-0.069946,1.016357
20250204203531,2959056,-0.023682,-0.070068,1.016724
20250204203532,2960060,-0.023437,-0.069946,1.016235
20250204203533,2961064,-0.021851,-0.070068,1.015137
20250204203534,2962069,-0.022461,-0.070068,1.015503
20250204203535,2963073,-0.023071,-0.070068,1.015747
20250204203536,2964076,-0.022095,-0.070190,1.015991
20250204203537,2965081,-0.023437,-0.068726,1.015503
20250204203538,2966085,-0.022461,-0.069458,1.016235
20250204203539,2967088,-0.022949,-0.069458,1.015625
20250204203540,2968093,-0.022827,-0.069580,1.015259
20250204203541,2969097,-0.023315,-0.068970,1.016602
20250204203542,2970103,-0.023926,-0.070679,1.015503
20250204203543,2971107,-0.023926,-0.070068,1.015137
20250204203544,2972111,-0.023315,-0.069702,1.015015
20250204203545,2973116,-0.023315,-0.070679,1.015137
20250204203546,2974120,-0.023071,-0.070435,1.015503
20250204203547,2975124,-0.022949,-0.069458,1.015503
20250204203548,2976129,-0.023193,-0.068970,1.015503
20250204203549,2977134,-0.023560,-0.069702,1.015381
20250204203550,2978137,-0.023071,-0.069702,1.016357
20250204203551,2979141,-0.023804,-0.069336,1.016235
20250204203552,2980146,-0.023560,-0.070190,1.015869
20250204203553,2981150,-0.023071,-0.069580,1.016235
20250204203554,2982154,-0.022949,-0.069824,1.016479
20250204203555,2983158,-0.022827,-0.070190,1.016357
20250204203556,2984163,-0.021973,-0.069946,1.016724
20250204203557,2985167,-0.022339,-0.070068,1.016113
20250204203558,2986171,-0.023193,-0.069824,1.014893
20250204203559,2987175,-0.023682,-0.069824,1.015747
20250204203600,2988179,-0.023193,-0.070435,1.015625
20250204203601,2989183,-0.023437,-0.069824,1.016113
20250204203602,2990187,-0.022949,-0.069824,1.015991
20250204203603,2991191,-0.023193,-0.070557,1.016479
20250204203604,2992195,-0.023926,-0.070190,1.017090
20250204203605,2993200,-0.023071,-0.069702,1.015747
20250204203606,2994204,-0.022461,-0.071045,1.015991
20250204203607,2995209,-0.023071,-0.069702,1.015381
20250204203608,2996213,-0.023926,-0.069458,1.016235
20250204203609,2997218,-0.022339,-0.070801,1.015869
20250204203610,2998221,-0.022217,-0.069702,1.015381
20250204203611,2999225,-0.022583,-0.069580,1.015869
20250204203612,3000229,-0.023071,-0.068481,1.015503
20250204203613,3001233,-0.023193,-0.069702,1.015747
20250204203614,3002239,-0.022339,-0.070557,1.016113
20250204203615,3003243,-0.023071,-0.069702,1.016968
20250204203616,3004247,-0.023315,-0.069214,1.015625
20250204203617,3005251,-0.021973,-0.070068,1.016113
20250204203618,3006255,-0.023071,-0.069824,1.016968
20250204203619,3007260,-0.022583,-0.069702,1.016113
20250204203620,3008264,-0.022339,-0.069824,1.015137
20250204203621,3009269,-0.023193,-0.070435,1.015991
20250204203622,3010273,-0.022461,-0.069946,1.016602
20250204203623,3011277,-0.023682,-0.069702,1.015869
20250204203624,3012280,-0.022949,-0.069702,1.015625
20250204203625,3013284,-0.022827,-0.071045,1.015991
20250204203626,3014288,-0.023437,-0.071167,1.015503
20250204203627,3015292,-0.023193,-0.070312,1.016724
20250204203628,3016296,-0.022583,-0.069702,1.016479
20250204203629,3017301,-0.022339,-0.069214,1.015869
20250204203630,3018306,-0.023437,-0.070068,1.016479
20250204203631,3019310,-0.023682,-0.069946,1.015747
20250204203632,3020313,-0.022583,-0.069946,1.016602
20250204203633,3021317,-0.022949,-0.069702,1.016479
20250204203634,3022322,-0.023437,-0.069946,1.015503
20250204203635,3023326,-0.023560,-0.069580,1.016479
20250204203636,3024330,-0.022583,-0.070312,1.016479
20250204203637,3025334,-0.023926,-0.070312,1.015503
20250204203638,3026339,-0.022583,-0.070435,1.015991
20250204203639,3027343,-0.023315,-0.070435,1.015991
20250204203640,3028348,-0.022339,-0.069946,1.015625
20250204203641,3029352,-0.022705,-0.070312,1.016235
20250204203642,3030356,-0.022827,-0.069092,1.015991
20250204203643,3031361,-0.023193,-0.069824,1.016479
20250204203644,3032365,-0.023315,-0.069580,1.016357
20250204203645,3033370,-0.023804,-0.069824,1.015747
20250204203646,3034373,-0.023437,-0.069702,1.015991
20250204203647,3035377,-0.023193,-0.070068,1.016479
20250204203648,3036383,-0.022339,-0.070557,1.015991
20250204203649,3037387,-0.023804,-0.069946,1.014771
20250204203650,3038392,-0.022217,-0.070068,1.014771
20250204203651,3039396,-0.022339,-0.069702,1.015625
20250204203652,3040400,-0.022705,-0.069702,1.015625
20250204203653,3041404,-0.022339,-0.069336,1.015381
20250204203654,3042409,-0.023437,-0.069946,1.016357
20250204203655,3043413,-0.023071,-0.069824,1.015991
20250204203656,3044417,-0.023437,-0.069702,1.015381
20250204203657,3045422,-0.022339,-0.070068,1.015991
20250204203658,3046427,-0.022583,-0.069214,1.016724
20250204203659,3047431,-0.023071,-0.070312,1.016357
20250204203700,3048434,-0.022461,-0.070557,1.016479
20250204203701,3049438,-0.022705,-0.069092,1.015625
20250204203702,3050443,-0.022217,-0.069458,1.016113
20250204203703,3051447,-0.023437,-0.069458,1.016113
20250204203704,3052451,-0.022705,-0.069702,1.015869
20250204203705,3053455,-0.023926,-0.069214,1.015991
20250204203706,3054459,-0.022461,-0.070312,1.016724
20250204203707,3055463,-0.023315,-0.070801,1.016235
20250204203708,3056467,-0.023804,-0.070557,1.016479
20250204203709,3057471,-0.022949,-0.069946,1.015747
20250204203710,3058475,-0.023682,-0.069580,1.016602
20250204203711,3059479,-0.022339,-0.070312,1.015747
20250204203712,3060483,-0.022705,-0.070190,1.015869
20250204203713,3061488,-0.022339,-0.068604,1.016235
20250204203714,3062492,-0.022583,-0.069214,1.015503
20250204203715,3063497,-0.023071,-0.070923,1.016602
20250204203716,3064502,-0.023682,-0.070190,1.015869
20250204203717,3065508,-0.023193,-0.069824,1.016357
20250204203718,3066511,-0.023315,-0.069458,1.015869
20250204203719,3067516,-0.023071,-0.071045,1.015015
20250204203720,3068521,-0.022461,-0.070190,1.015869
20250204203721,3069525,-0.022705,-0.070435,1.015869
20250204203722,3070530,-0.022339,-0.069702,1.015991
20250204203723,3071533,-0.022583,-0.069336,1.016846
20250204203724,3072537,-0.023193,-0.069702,1.015869
20250204203725,3073541,-0.023437,-0.069092,1.016113
20250204203727,3074545,-0.023193,-0.070190,1.015503
20250204203728,3075549,-0.022339,-0.070068,1.016724
20250204203729,3076553,-0.022339,-0.069702,1.015259
20250204203730,3077557,-0.022949,-0.069824,1.015747
20250204203731,3078562,-0.022583,-0.070312,1.016113
20250204203732,3079566,-0.022949,-0.069946,1.015137
20250204203733,3080570,-0.023071,-0.069702,1.016235
20250204203734,3081574,-0.022949,-0.069336,1.016357
20250204203735,3082578,-0.022705,-0.069458,1.015625
20250204203736,3083582,-0.022583,-0.069946,1.016724
20250204203737,3084587,-0.022705,-0.068115,1.015869
20250204203738,3085591,-0.023437,-0.069580,1.015869
20250204203739,3086595,-0.022339,-0.070312,1.015503
20250204203740,3087600,-0.023071,-0.069824,1.016602
20250204203741,3088604,-0.023560,-0.069702,1.015015
20250204203742,3089609,-0.023071,-0.069458,1.016479
20250204203743,3090613,-0.022827,-0.069946,1.014893
20250204203744,3091617,-0.022339,-0.069946,1.016846
20250204203745,3092620,-0.022583,-0.069580,1.016235
20250204203746,3093624,-0.022339,-0.069824,1.015869
20250204203747,3094628,-0.023193,-0.070312,1.015381
20250204203748,3095632,-0.022461,-0.069458,1.015259
20250204203749,3096636,-0.023071,-0.069458,1.015991
20250204203750,3097640,-0.022705,-0.069092,1.015869
20250204203751,3098645,-0.021851,-0.069702,1.014771
20250204203752,3099649,-0.022583,-0.069336,1.015625
20250204203753,3100653,-0.022949,-0.069214,1.015381
20250204203754,3101658,-0.022827,-0.069702,1.015381
20250204203755,3102662,-0.021851,-0.069336,1.015015
20250204203756,3103666,-0.022949,-0.068848,1.015503
20250204203757,3104670,-0.022827,-0.069214,1.016479
20250204203758,3105674,-0.022217,-0.070312,1.016479
20250204203759,3106679,-0.022705,-0.070190,1.014771
20250204203800,3107683,-0.022949,-0.070190,1.015747
20250204203801,3108688,-0.022339,-0.069946,1.016235
20250204203802,3109693,-0.022705,-0.070435,1.016113
20250204203803,3110697,-0.021606,-0.069580,1.016479
20250204203804,3111702,-0.023071,-0.069946,1.016235
20250204203805,3112706,-0.023193,-0.069580,1.015259
20250204203806,3113711,-0.022949,-0.069092,1.015381
20250204203807,3114715,-0.022583,-0.069946,1.015381
20250204203808,3115719,-0.022827,-0.070557,1.015137
20250204203809,3116723,-0.023315,-0.069458,1.015625
20250204203810,3117727,-0.022827,-0.068604,1.015015
20250204203811,3118731,-0.022705,-0.070068,1.015869
20250204203812,3119735,-0.022827,-0.069946,1.016357
20250204203813,3120738,-0.022827,-0.069580,1.015259
20250204203814,3121743,-0.021973,-0.069458,1.016235
20250204203815,3122748,-0.022583,-0.069702,1.015503
20250204203816,3123754,-0.022705,-0.070068,1.015503
20250204203817,3124758,-0.022949,-0.070068,1.015869
20250204203818,3125762,-0.022827,-0.069946,1.015991
20250204203819,3126766,-0.022583,-0.070923,1.015503
20250204203820,3127770,-0.022705,-0.070557,1.016113
20250204203821,3128774,-0.022705,-0.069824,1.015869
20250204203822,3129779,-0.023926,-0.069336,1.016235
20250204203823,3130783,-0.022583,-0.070190,1.017090
20250204203824,3131787,-0.023315,-0.071289,1.015869
20250204203825,3132791,-0.023193,-0.069580,1.015747
20250204203826,3133796,-0.023804,-0.069946,1.015625
20250204203827,3134800,-0.023437,-0.070068,1.016113
20250204203828,3135805,-0.022095,-0.069336,1.015991
20250204203829,3136809,-0.023071,-0.069824,1.014893
20250204203830,3137813,-0.022583,-0.070801,1.014771
20250204203831,3138817,-0.023071,-0.070068,1.015625
20250204203832,3139821,-0.022705,-0.069702,1.015381
20250204203833,3140826,-0.022461,-0.070190,1.016602
20250204203834,3141830,-0.022217,-0.069458,1.015991
20250204203835,3142833,-0.023437,-0.068848,1.015503
20250204203836,3143838,-0.023926,-0.069946,1.015625
20250204203837,3144842,-0.023682,-0.068970,1.015869
20250204203838,3145845,-0.023193,-0.069214,1.016235
20250204203839,3146849,-0.023804,-0.069458,1.015747
20250204203840,3147853,-0.023315,-0.069702,1.016724
20250204203841,3148857,-0.022217,-0.069946,1.016602
20250204203842,3149861,-0.022461,-0.069214,1.015381
20250204203843,3150864,-0.022217,-0.069580,1.015991
20250204203844,3151869,-0.022339,-0.069092,1.016357
20250204203845,3152873,-0.022583,-0.070190,1.016479
20250204203846,3153877,-0.023193,-0.070435,1.015991
20250204203847,3154881,-0.022827,-0.070068,1.015381
20250204203848,3155885,-0.023193,-0.070068,1.015869
20250204203849,3156890,-0.022949,-0.069214,1.015869
20250204203850,3157894,-0.023315,-0.070190,1.015503
20250204203851,3158897,-0.023071,-0.069458,1.015869
20250204203852,3159901,-0.022827,-0.069702,1.016113
20250204203853,3160904,-0.022095,-0.070190,1.015747
20250204203854,3161908,-0.023071,-0.068848,1.015747
20250204203855,3162913,-0.023071,-0.068970,1.015259
20250204203856,3163917,-0.022461,-0.069458,1.015137
20250204203857,3164921,-0.023315,-0.069214,1.015747
20250204203858,3165926,-0.023071,-0.069214,1.015869
20250204203859,3166929,-0.023071,-0.070557,1.015625
20250204203900,3167933,-0.022705,-0.069580,1.015747
20250204203901,3168937,-0.024414,-0.069580,1.015503
20250204203902,3169942,-0.022461,-0.069702,1.015747
20250204203903,3170945,-0.022461,-0.070068,1.015503
20250204203904,3171950,-0.022583,-0.070190,1.016113
20250204203905,3172954,-0.022461,-0.070435,1.015747
20250204203906,3173958,-0.023193,-0.069702,1.015991
20250204203907,3174963,-0.023437,-0.070190,1.015137
20250204203908,3175968,-0.022827,-0.070435,1.015869
20250204203909,3176972,-0.023560,-0.069580,1.015991
20250204203910,3177976,-0.022827,-0.070068,1.015625
20250204203911,3178980,-0.023315,-0.071167,1.015259
20250204203912,3179985,-0.022827,-0.069824,1.015259
20250204203913,3180988,-0.023315,-0.070312,1.016479
20250204203914,3181993,-0.022339,-0.070068,1.015503
20250204203915,3182997,-0.022583,-0.069580,1.015381
20250204203916,3184001,-0.022827,-0.069336,1.015015
20250204203917,3185005,-0.023560,-0.069702,1.015991
20250204203918,3186010,-0.023193,-0.069946,1.015869
20250204203919,3187014,-0.022461,-0.070679,1.015625
20250204203920,3188018,-0.023071,-0.069946,1.016479
20250204203921,3189022,-0.022705,-0.070190,1.016602
20250204203922,3190027,-0.022339,-0.070679,1.015991
20250204203923,3191031,-0.022217,-0.069702,1.015015
20250204203924,3192034,-0.022705,-0.069824,1.015625
20250204203925,3193039,-0.023071,-0.069214,1.015625
20250204203926,3194044,-0.022827,-0.069336,1.015381
20250204203927,3195048,-0.022339,-0.070435,1.015869
20250204203928,3196052,-0.023315,-0.070190,1.017212
20250204203929,3197056,-0.022217,-0.069824,1.016113
20250204203930,3198061,-0.022217,-0.070801,1.014648
20250204203931,3199065,-0.022827,-0.070312,1.015869
20250204203932,3200069,-0.023437,-0.069702,1.016479
20250204203933,3201073,-0.023315,-0.070435,1.015625
20250204203934,3202078,-0.023560,-0.069702,1.015259
20250204203935,3203082,-0.022339,-0.069580,1.015015
20250204203936,3204086,-0.023437,-0.070557,1.015259
20250204203937,3205090,-0.022827,-0.070557,1.015503
20250204203938,3206095,-0.023071,-0.070435,1.015503
20250204203939,3207099,-0.023315,-0.069824,1.016113
20250204203940,3208103,-0.022583,-0.069580,1.015137
20250204203941,3209107,-0.023193,-0.070190,1.016357
20250204203942,3210111,-0.022705,-0.069946,1.016602
20250204203943,3211115,-0.022461,-0.068970,1.016724
20250204203944,3212119,-0.022583,-0.069702,1.016602
20250204203945,3213124,-0.023193,-0.070312,1.016113
20250204203946,3214127,-0.023193,-0.069458,1.015503
20250204203947,3215132,-0.023071,-0.069702,1.015747
20250204203948,3216137,-0.023071,-0.069702,1.015625
20250204203949,3217141,-0.022827,-0.070923,1.015381
20250204203950,3218146,-0.024048,-0.069946,1.015991
20250204203951,3219150,-0.023682,-0.070068,1.015991
20250204203952,3220154,-0.023193,-0.070312,1.016357
20250204203953,3221159,-0.023071,-0.069458,1.016479
20250204203954,3222162,-0.023193,-0.069458,1.016602
20250204203955,3223167,-0.023560,-0.070190,1.016113
20250204203956,3224170,-0.023804,-0.070801,1.016235
20250204203957,3225174,-0.023315,-0.070190,1.015503
20250204203958,3226178,-0.023560,-0.070068,1.015991
20250204203959,3227183,-0.022827,-0.070190,1.015625
20250204204000,3228188,-0.022095,-0.070190,1.015137
20250204204001,3229192,-0.022217,-0.070312,1.015869
20250204204002,3230196,-0.022705,-0.070435,1.016724
20250204204003,3231199,-0.021973,-0.070312,1.016602
20250204204004,3232203,-0.022583,-0.069580,1.015869
20250204204005,3233207,-0.022827,-0.069214,1.015625
20250204204006,3234211,-0.022461,-0.069702,1.015381
20250204204007,3235215,-0.023071,-0.070923,1.015503
20250204204008,3236219,-0.023071,-0.070679,1.015625
20250204204009,3237222,-0.023804,-0.070923,1.015259
20250204204010,3238227,-0.022583,-0.069336,1.016479
20250204204011,3239231,-0.022827,-0.069824,1.015503
20250204204012,3240235,-0.023315,-0.069702,1.016724
20250204204013,3241239,-0.023071,-0.069824,1.015991
20250204204014,3242243,-0.023437,-0.070312,1.014771
20250204204015,3243247,-0.023071,-0.069214,1.015625
20250204204016,3244252,-0.023193,-0.068726,1.015381
20250204204017,3245255,-0.023315,-0.069824,1.014771
20250204204018,3246260,-0.023315,-0.069458,1.018311
20250204204019,3247264,-0.022705,-0.069702,1.016235
20250204204020,3248269,-0.022583,-0.070068,1.016724
20250204204021,3249272,-0.023315,-0.069214,1.015991
20250204204022,3250277,-0.022217,-0.069580,1.016113
20250204204023,3251281,-0.022949,-0.070435,1.016846
20250204204024,3252286,-0.022827,-0.069458,1.015747
20250204204025,3253289,-0.022095,-0.070068,1.016968
20250204204026,3254294,-0.023315,-0.069458,1.016479
20250204204027,3255297,-0.023926,-0.069580,1.016235
20250204204028,3256302,-0.022827,-0.069580,1.017212
20250204204029,3257306,-0.022827,-0.069214,1.016113
20250204204030,3258311,-0.022583,-0.070923,1.015747
20250204204031,3259316,-0.022827,-0.070312,1.016235
20250204204032,3260320,-0.023682,-0.069458,1.015991
20250204204033,3261324,-0.023071,-0.070068,1.015869
20250204204034,3262329,-0.022949,-0.070068,1.016357
20250204204035,3263334,-0.022339,-0.068970,1.015381
20250204204036,3264338,-0.023682,-0.070190,1.015625
20250204204037,3265343,-0.025269,-0.070190,1.014160
20250204204038,3266346,-0.022339,-0.070068,1.015137
20250204204039,3267351,-0.023682,-0.070679,1.014282
20250204204040,3268354,-0.022583,-0.066040,1.013306
20250204204041,3269359,-0.023193,-0.058594,1.016357
20250204204042,3270363,-0.174805,-0.078491,0.994385
20250204204043,3271367,-0.120972,-0.064209,1.003296
20250204204044,3272372,-0.136108,-0.061768,1.003662
20250204204045,3273376,-0.130005,-0.062378,1.002808
20250204204046,3274380,-0.118774,-0.061523,1.012207
20250204204047,3275384,-0.114502,-0.061157,1.006470
20250204204048,3276390,-0.114258,-0.062988,1.008545
20250204204049,3277393,-0.111450,-0.060913,1.007935
20250204204050,3278398,-0.112915,-0.062500,1.006958
20250204204051,3279401,-0.102661,-0.049805,0.990234
20250204204052,3280405,-0.110352,-0.058960,1.009888
20250204204053,3281410,-0.101685,-0.057739,1.012451
20250204204054,3282415,-0.107300,-0.060791,1.013184
20250204204055,3283419,-0.083740,-0.066162,1.033325
20250204204056,3284424,-0.117065,-0.050171,1.009888
20250204204057,3285428,-0.113892,-0.055176,1.009033
20250204204058,3286432,-0.086914,-0.052124,1.010376
20250204204059,3287436,-0.053589,-0.126099,0.937988
20250204204100,3288441,-0.081787,-0.250122,0.984619
20250204204101,3289446,-0.082520,-0.251465,0.987305
20250204204102,3290450,-0.083130,-0.254761,0.984375
20250204204103,3291455,-0.085327,-0.253906,0.981445
20250204204104,3292458,-0.084473,-0.255615,0.983032
20250204204105,3293462,-0.084961,-0.255493,0.983887
20250204204106,3294466,-0.086670,-0.256226,0.982056
20250204204107,3295471,-0.085937,-0.254639,0.981689
20250204204108,3296477,-0.085205,-0.256958,0.982422
20250204204109,3297482,-0.086060,-0.257324,0.981323
20250204204110,3298486,-0.087036,-0.259399,0.981445
20250204204111,3299490,-0.091797,-0.254395,0.985718
20250204204112,3300495,-0.088745,-0.263428,0.982544
20250204204113,3301499,-0.089355,-0.262939,0.982178
20250204204114,3302503,-0.090942,-0.261475,0.981201
20250204204115,3303508,-0.090942,-0.262939,0.981323
20250204204116,3304513,-0.089478,-0.265015,0.982178
20250204204117,3305517,-0.089966,-0.263672,0.981079
20250204204118,3306522,-0.091187,-0.263062,0.982788
20250204204119,3307526,-0.090454,-0.259766,0.980469
20250204204120,3308530,-0.089478,-0.260986,0.981323
20250204204121,3309536,-0.091309,-0.260254,0.982544
20250204204122,3310540,-0.089722,-0.260010,0.983643
20250204204123,3311543,-0.090576,-0.259644,0.981812
20250204204124,3312548,-0.089844,-0.260620,0.982422
20250204204125,3313552,-0.089600,-0.260254,0.983154
20250204204126,3314556,-0.091431,-0.259399,0.982056
20250204204127,3315560,-0.091675,-0.258911,0.982544
20250204204128,3316564,-0.105713,-0.255981,0.977661
20250204204129,3317570,-0.078613,-0.279663,0.982910
20250204204130,3318574,-0.095093,-0.331543,0.959961
20250204204132,3319579,-0.100952,-0.368774,0.943848
20250204204133,3320583,-0.101318,-0.342896,0.955811
20250204204134,3321587,0.022705,-0.100952,1.013306
20250204204135,3322593,0.027588,-0.079468,1.011353
20250204204136,3323598,0.026489,-0.085571,1.016235
20250204204137,3324602,0.028076,-0.081299,1.015625
20250204204138,3325606,0.028076,-0.079590,1.019653
20250204204139,3326609,0.027222,-0.076538,1.016113
20250204204140,3327613,0.027222,-0.077271,1.016602
20250204204141,3328618,0.027344,-0.076416,1.016479
20250204204142,3329622,0.027954,-0.076050,1.017700
20250204204143,3330626,0.026978,-0.074951,1.018677
20250204204144,3331631,0.028076,-0.074707,1.018188
20250204204145,3332635,0.028320,-0.074951,1.017456
20250204204146,3333640,0.029175,-0.074463,1.016235
20250204204147,3334644,0.027100,-0.074097,1.016113
20250204204148,3335648,0.028564,-0.072266,1.016602
20250204204149,3336653,0.028564,-0.070801,1.016968
20250204204150,3337657,0.027954,-0.069214,1.017944
20250204204151,3338662,0.028564,-0.071777,1.017700
20250204204152,3339666,0.027222,-0.069580,1.021240
20250204204153,3340669,0.028564,-0.070801,1.018677
20250204204154,3341673,0.028076,-0.071167,1.017456
20250204204155,3342678,0.028198,-0.070801,1.018799
20250204204156,3343682,0.028931,-0.069946,1.017578
20250204204157,3344687,0.028076,-0.069946,1.017578
20250204204158,3345691,0.028931,-0.071777,1.018066
20250204204159,3346695,0.029297,-0.070312,1.016724
20250204204200,3347700,0.029175,-0.070435,1.018066
20250204204201,3348704,0.029907,-0.070068,1.017212
20250204204202,3349708,0.025879,-0.069702,1.019043
20250204204203,3350712,0.028564,-0.068604,1.018066
20250204204204,3351716,0.028931,-0.069458,1.018066
20250204204205,3352720,0.028809,-0.069336,1.017334
20250204204206,3353724,0.027832,-0.070190,1.017456
20250204204207,3354730,0.027832,-0.071289,1.018677
20250204204208,3355734,0.028687,-0.070801,1.015869
20250204204209,3356738,0.029297,-0.070068,1.016968
20250204204210,3357741,0.051880,-0.028687,1.018433
20250204204211,3358746,0.052490,-0.028564,1.020996
20250204204212,3359751,0.051270,-0.027100,1.019043
20250204204213,3360756,0.050903,-0.026123,1.019409
20250204204214,3361760,0.050415,-0.026001,1.018677
20250204204215,3362764,0.050781,-0.027466,1.017456
20250204204216,3363767,0.051025,-0.026611,1.017944
20250204204217,3364773,0.049683,-0.026489,1.017578
20250204204218,3365776,0.049194,-0.027710,1.018433
20250204204219,3366782,0.049194,-0.029053,1.018066
20250204204220,3367786,0.050293,-0.027100,1.017456
20250204204221,3368790,0.048462,-0.025391,1.022095
20250204204222,3369794,0.049683,-0.026978,1.020508
20250204204223,3370798,0.049438,-0.026245,1.019287
20250204204224,3371802,0.050415,-0.025146,1.017822
20250204204225,3372807,0.049683,-0.026367,1.018799
20250204204226,3373811,0.048096,-0.026733,1.018555
20250204204227,3374814,0.048340,-0.025391,1.016724
20250204204228,3375819,0.048340,-0.025513,1.016846
20250204204229,3376823,0.048462,-0.026611,1.018066
20250204204230,3377827,0.048950,-0.026611,1.019409
20250204204231,3378831,0.047607,-0.027100,1.019653
20250204204232,3379835,0.048340,-0.027344,1.017822
20250204204233,3380839,0.050903,-0.028687,1.020508
20250204204234,3381843,0.049316,-0.029663,1.015747
20250204204235,3382847,0.051392,-0.024902,1.013672
20250204204236,3383850,0.053223,-0.026611,1.017334
20250204204237,3384854,0.052734,-0.025757,1.016724
20250204204238,3385858,0.052734,-0.026123,1.017944
20250204204239,3386863,0.052124,-0.026245,1.017334
20250204204240,3387867,0.052002,-0.026001,1.017456
20250204204241,3388871,0.051147,-0.027588,1.017944
20250204204242,3389874,0.052002,-0.026367,1.018311
20250204204243,3390879,0.053101,-0.027222,1.018677
20250204204244,3391883,0.052246,-0.027588,1.016846
20250204204245,3392887,0.051758,-0.026855,1.018066
20250204204246,3393891,0.052124,-0.025879,1.017334
20250204204247,3394894,0.052246,-0.026489,1.017456
20250204204248,3395899,0.052979,-0.026611,1.018311
20250204204249,3396903,0.051514,-0.025879,1.018555
20250204204250,3397907,0.050171,-0.026245,1.018066
20250204204251,3398911,0.053223,-0.026733,1.017334
20250204204252,3399916,0.052246,-0.026978,1.017090
20250204204253,3400920,0.051514,-0.027710,1.017456
20250204204254,3401923,0.051636,-0.026245,1.017700
20250204204255,3402927,0.051392,-0.027710,1.017456
20250204204256,3403932,0.051025,-0.025635,1.018066
20250204204257,3404936,0.051514,-0.026611,1.018677
20250204204258,3405940,0.052368,-0.026978,1.017822
20250204204259,3406944,0.052490,-0.026001,1.017456
20250204204300,3407948,0.051880,-0.027100,1.017822
20250204204301,3408953,0.051147,-0.026489,1.018311
20250204204302,3409957,0.052246,-0.026978,1.016357
20250204204303,3410960,0.052002,-0.027222,1.017822
20250204204304,3411964,0.050415,-0.026367,1.017944
20250204204305,3412968,0.050781,-0.027222,1.017334
20250204204306,3413971,0.052002,-0.027588,1.017822
20250204204307,3414975,0.050781,-0.026978,1.018555
20250204204308,3415979,0.050903,-0.028076,1.020142
20250204204309,3416983,0.052490,-0.027100,1.017700
20250204204310,3417988,0.053101,-0.027588,1.017334
20250204204311,3418992,0.039917,0.044800,1.045898
20250204204312,3419996,0.047729,-0.026855,1.017822
20250204204313,3421000,0.051636,-0.025879,1.016602
20250204204314,3422004,0.051392,-0.027222,1.018066
20250204204315,3423008,0.049805,-0.027466,1.018066
20250204204316,3424012,0.058350,-0.028076,1.020264
20250204204317,3425016,0.052368,-0.027100,1.018921
20250204204318,3426021,0.053467,-0.028931,1.017700
20250204204319,3427025,0.050659,-0.027954,1.019165
20250204204320,3428029,0.050659,-0.027100,1.017822
20250204204321,3429033,0.041382,-0.009033,1.007202
20250204204322,3430038,0.051025,-0.027466,1.019287
20250204204323,3431041,0.051636,-0.027100,1.018433
20250204204324,3432046,0.051758,-0.026489,1.017456
20250204204325,3433050,0.051880,-0.026367,1.016357
20250204204326,3434055,0.050293,-0.028320,1.017212
20250204204327,3435059,0.051392,-0.027466,1.017334
20250204204328,3436063,0.051147,-0.027832,1.016968
20250204204329,3437067,0.052124,-0.026123,1.017334
20250204204330,3438072,0.051147,-0.027344,1.017578
20250204204331,3439076,0.051147,-0.026978,1.018066
20250204204332,3440080,0.051758,-0.026733,1.017944
20250204204333,3441084,0.051514,-0.027344,1.019165
20250204204334,3442087,0.052124,-0.029907,1.018066
20250204204335,3443092,0.050537,-0.027710,1.018066
20250204204336,3444096,0.050903,-0.026245,1.016968
20250204204337,3445100,0.052368,-0.026123,1.017578
20250204204338,3446104,0.051392,-0.027588,1.018311
20250204204339,3447109,0.049683,-0.027466,1.017822
20250204204340,3448113,0.051025,-0.026611,1.018311
20250204204341,3449118,0.051025,-0.026733,1.018066
20250204204342,3450122,0.051758,-0.027100,1.019043
20250204204343,3451126,0.050659,-0.027588,1.019287
20250204204344,3452131,0.052002,-0.026489,1.017090
20250204204345,3453134,0.050903,-0.026123,1.017822
20250204204346,3454139,0.051514,-0.026611,1.018188
20250204204347,3455143,0.050903,-0.025879,1.017456
20250204204348,3456148,0.051514,-0.027100,1.017822
20250204204349,3457151,0.051392,-0.027344,1.018677
20250204204350,3458156,0.050659,-0.025879,1.019043
20250204204351,3459159,0.051147,-0.027954,1.018555
20250204204352,3460164,0.050781,-0.028320,1.017578
20250204204353,3461167,0.051270,-0.026733,1.019165
20250204204354,3462171,0.050415,-0.025635,1.018433
20250204204355,3463175,0.051636,-0.026367,1.018188
20250204204356,3464179,0.051147,-0.027588,1.018433
20250204204357,3465183,0.051147,-0.026733,1.018799
20250204204358,3466187,0.051636,-0.026001,1.018799
20250204204359,3467191,0.051636,-0.026611,1.018066
20250204204400,3468195,0.050537,-0.026978,1.018677
20250204204401,3469200,0.051514,-0.026489,1.018921
20250204204402,3470204,0.051147,-0.027710,1.017212
20250204204403,3471208,0.050659,-0.027344,1.017334
20250204204404,3472212,0.051636,-0.027710,1.016602
20250204204405,3473215,0.051392,-0.027710,1.017212
20250204204406,3474219,0.051758,-0.026733,1.017090
20250204204407,3475223,0.052124,-0.027588,1.017700
20250204204408,3476228,0.051147,-0.027832,1.019165
20250204204409,3477232,0.051270,-0.026245,1.016724
20250204204410,3478236,0.051025,-0.027344,1.017578
20250204204411,3479241,0.050293,-0.028320,1.017822
20250204204412,3480246,0.050537,-0.027832,1.017944
20250204204413,3481250,0.050537,-0.027588,1.018799
20250204204414,3482253,0.051514,-0.027466,1.018311
20250204204415,3483258,0.051392,-0.027466,1.018188
20250204204416,3484262,0.051025,-0.027222,1.018188
20250204204417,3485266,0.050537,-0.026123,1.017456
20250204204418,3486270,0.051392,-0.026855,1.017090
20250204204419,3487275,0.050781,-0.027466,1.018555
20250204204420,3488280,0.049927,-0.026367,1.017944
20250204204421,3489284,0.050659,-0.027222,1.019043
20250204204422,3490288,0.051392,-0.028076,1.018677
20250204204423,3491292,0.051270,-0.027466,1.018555
20250204204424,3492297,0.050781,-0.027344,1.018677
20250204204425,3493301,0.051514,-0.025513,1.017700
20250204204426,3494305,0.051147,-0.027344,1.017944
20250204204427,3495308,0.051514,-0.027222,1.018311
20250204204428,3496313,0.050781,-0.026855,1.018188
20250204204429,3497317,0.052368,-0.026123,1.016846
20250204204430,3498322,0.051392,-0.026611,1.018921
20250204204431,3499325,0.050537,-0.027466,1.019653
20250204204432,3500330,0.049438,-0.027832,1.019653
20250204204433,3501334,0.052002,-0.027222,1.017090
20250204204434,3502338,0.051392,-0.027710,1.017090
20250204204435,3503343,0.050171,-0.027832,1.018555
20250204204436,3504347,0.050781,-0.027954,1.017700
20250204204437,3505351,0.050903,-0.027466,1.018188
20250204204438,3506356,0.051147,-0.026978,1.018311
20250204204439,3507359,0.051636,-0.026611,1.018799
20250204204440,3508363,0.050659,-0.026855,1.018921
20250204204441,3509367,0.051392,-0.027222,1.018555
20250204204442,3510372,0.050171,-0.026978,1.017944
20250204204443,3511375,0.049316,-0.026367,1.019043
20250204204444,3512380,0.051392,-0.027710,1.018311
20250204204445,3513384,0.051147,-0.027710,1.017334
20250204204446,3514388,0.049072,-0.027954,1.019775
20250204204447,3515393,0.050171,-0.027100,1.019287
20250204204448,3516397,0.051025,-0.027466,1.018921
20250204204449,3517401,0.051636,-0.027954,1.017456
20250204204450,3518407,0.050903,-0.027588,1.017212
20250204204451,3519410,0.050293,-0.026978,1.018311
20250204204452,3520415,0.051880,-0.025635,1.015869
20250204204453,3521419,0.051392,-0.026855,1.016968
20250204204454,3522423,0.050293,-0.026978,1.018677
20250204204455,3523427,0.050415,-0.027588,1.017944
20250204204456,3524432,0.051147,-0.026733,1.017334
20250204204457,3525436,0.050781,-0.027588,1.017456
20250204204458,3526440,0.049683,-0.027100,1.019165
20250204204459,3527444,0.050537,-0.026611,1.017578
20250204204500,3528448,0.051270,-0.026611,1.017456
20250204204501,3529453,0.050903,-0.026611,1.016968
20250204204502,3530457,0.050415,-0.026489,1.017944
20250204204503,3531461,0.049316,-0.027100,1.016968
20250204204504,3532465,0.051147,-0.026611,1.017944
20250204204505,3533470,0.050659,-0.027100,1.017822
20250204204506,3534474,0.050171,-0.027466,1.018188
20250204204507,3535479,0.051025,-0.026978,1.018799
20250204204508,3536483,0.050781,-0.027100,1.017334
20250204204509,3537487,0.051514,-0.027588,1.017822
20250204204510,3538491,0.051147,-0.027466,1.018555
20250204204511,3539495,0.051147,-0.025757,1.017578
20250204204512,3540499,0.050537,-0.025024,1.018066
20250204204513,3541503,0.051636,-0.025391,1.018311
20250204204514,3542508,0.050049,-0.025879,1.018433
20250204204515,3543513,0.051147,-0.027222,1.018066
20250204204516,3544517,0.050049,-0.026367,1.018799
20250204204517,3545521,0.050537,-0.027954,1.018188
20250204204518,3546525,0.050903,-0.026367,1.018433
20250204204519,3547529,0.050293,-0.026489,1.018555
20250204204520,3548534,0.051147,-0.025879,1.017700
20250204204521,3549539,0.051636,-0.026611,1.018188
20250204204522,3550543,0.050903,-0.026611,1.017456
20250204204523,3551546,0.050049,-0.026367,1.018066
20250204204524,3552550,0.049805,-0.026978,1.017822
20250204204525,3553555,0.050293,-0.025513,1.016968
20250204204526,3554558,0.050293,-0.026367,1.018799
20250204204527,3555562,0.050659,-0.026978,1.017456
20250204204528,3556566,0.050049,-0.027832,1.019043
20250204204529,3557570,0.050171,-0.027954,1.018799
20250204204530,3558574,0.052002,-0.028198,1.017212
20250204204531,3559579,0.051147,-0.025757,1.016113
20250204204532,3560583,0.050781,-0.026978,1.017212
20250204204533,3561587,0.049316,-0.026855,1.017334
20250204204535,3562591,0.049316,-0.026611,1.018799
20250204204536,3563595,0.050659,-0.027344,1.019409
20250204204537,3564599,0.049438,-0.029541,1.019165
20250204204538,3565603,0.049927,-0.027100,1.019043
20250204204539,3566607,0.050537,-0.026855,1.019287
20250204204540,3567613,0.051147,-0.027710,1.016968
20250204204541,3568616,0.050781,-0.026733,1.016602
20250204204542,3569620,0.050903,-0.027954,1.016602
20250204204543,3570625,0.051025,-0.027222,1.015381
20250204204544,3571629,0.052490,-0.026001,1.018799
20250204204545,3572633,0.050293,-0.028809,1.017578
20250204204546,3573637,0.049316,-0.026611,1.016235
20250204204547,3574641,0.049316,-0.026367,1.017578
20250204204548,3575645,0.050415,-0.027832,1.017578
20250204204549,3576649,0.051025,-0.027222,1.019165
20250204204550,3577654,0.049561,-0.027954,1.019897
20250204204551,3578658,0.049683,-0.026367,1.018799
20250204204552,3579663,0.050781,-0.026978,1.016357
20250204204553,3580667,0.050659,-0.027222,1.017578
20250204204554,3581671,0.049927,-0.025513,1.018433
20250204204555,3582676,0.050903,-0.028076,1.018921
20250204204556,3583680,0.051147,-0.027710,1.018433
20250204204557,3584684,0.049805,-0.027222,1.019531
20250204204558,3585687,0.049438,-0.026855,1.018433
20250204204559,3586691,0.050293,-0.028687,1.017578
20250204204600,3587696,0.049072,-0.027222,1.017334
20250204204601,3588700,0.050537,-0.026733,1.018799
20250204204602,3589705,0.051147,-0.026123,1.018311
20250204204603,3590709,0.048462,-0.038086,1.023926
20250204204604,3591713,0.046021,-0.031738,1.021362
20250204204605,3592718,0.045898,-0.029419,1.027466
20250204204606,3593722,0.047363,-0.036621,1.013428
20250204204607,3594725,0.066406,0.008667,1.019165
20250204204608,3595729,0.065552,0.011719,1.010986
20250204204609,3596733,0.065918,0.011230,1.015991
20250204204610,3597736,0.066772,0.012329,1.014893
20250204204611,3598741,0.066406,0.011719,1.015381
20250204204612,3599745,0.065796,0.012939,1.017334
20250204204613,3600750,0.066772,0.013184,1.017944
20250204204614,3601754,0.067749,0.011841,1.018188
20250204204615,3602758,0.067505,0.013306,1.016235
20250204204616,3603763,0.065918,0.012451,1.016357
20250204204617,3604767,0.065063,0.012939,1.015747
20250204204618,3605770,0.067383,0.013062,1.017456
20250204204619,3606776,0.065430,0.012573,1.017456
20250204204620,3607779,0.065552,0.011963,1.017822
20250204204621,3608784,0.067261,0.012207,1.018433
20250204204622,3609787,0.066650,0.012573,1.016724
20250204204623,3610791,0.065552,0.012817,1.018677
20250204204624,3611795,0.066650,0.011475,1.017822
20250204204625,3612802,0.067505,0.013428,1.018433
20250204204626,3613807,0.066162,0.012207,1.014771
20250204204627,3614811,0.067627,0.014038,1.016846
20250204204628,3615815,0.066528,0.012573,1.019165
20250204204629,3616819,0.067017,0.014160,1.018677
20250204204630,3617823,0.067139,0.011963,1.018188
20250204204631,3618826,0.067627,0.012085,1.017212
20250204204632,3619831,0.067139,0.012817,1.017212
20250204204633,3620835,0.067261,0.012695,1.017212
20250204204634,3621839,0.067017,0.013306,1.016479
20250204204635,3622842,0.067871,0.013672,1.017090
20250204204636,3623847,0.066284,0.012451,1.016235
20250204204637,3624851,0.068481,0.012207,1.017578
20250204204638,3625856,0.066040,0.012085,1.016357
20250204204639,3626860,0.066772,0.013550,1.016724
20250204204640,3627863,0.068115,0.013916,1.016113
20250204204641,3628867,0.067627,0.013672,1.017090
20250204204642,3629871,0.066528,0.012939,1.018188
20250204204643,3630876,0.066162,0.012573,1.016968
20250204204644,3631879,0.067139,0.012573,1.017456
20250204204645,3632884,0.068237,0.012695,1.016968
20250204204646,3633888,0.066406,0.011963,1.016968
20250204204647,3634892,0.066895,0.013672,1.017456
20250204204648,3635896,0.067871,0.014282,1.016235
20250204204649,3636899,0.068481,0.014526,1.019653
20250204204650,3637903,0.066406,0.012329,1.017334
20250204204651,3638907,0.067139,0.014038,1.016113
20250204204652,3639911,0.066284,0.013672,1.016602
20250204204653,3640915,0.063232,0.012085,1.025391
20250204204654,3641919,0.065552,0.005737,1.019287
20250204204655,3642924,0.047974,-0.037476,1.012207
20250204204656,3643928,0.045654,-0.052246,1.025513
20250204204657,3644932,0.044189,-0.048462,1.022949
20250204204658,3645936,0.045532,-0.045654,1.017212
20250204204659,3646941,0.076660,-0.042603,0.966553
20250204204700,3647945,0.022583,-0.082153,1.032837
20250204204701,3648949,0.032349,-0.071899,1.016846
20250204204702,3649954,0.002441,-0.130859,1.017822
20250204204703,3650957,-0.012573,-0.171509,1.034668
20250204204704,3651961,0.034180,-0.075317,1.015625
20250204204705,3652966,0.018677,-0.096313,1.015625
20250204204706,3653970,0.011230,-0.106689,1.019775
20250204204707,3654974,-0.014526,-0.185913,1.004028
20250204204708,3655982,0.054810,-0.040771,1.020142
20250204204709,3656985,0.059937,-0.032104,1.017090
20250204204710,3657989,0.061646,-0.030396,1.016846
20250204204711,3658994,0.061035,-0.031128,1.016724
20250204204712,3659998,0.061157,-0.030396,1.016357
20250204204713,3661003,0.060425,-0.031006,1.015381
20250204204714,3662007,0.060181,-0.030273,1.018188
20250204204715,3663011,0.061401,-0.030029,1.017578
20250204204716,3664015,0.061523,-0.031494,1.017822
20250204204717,3665019,0.062012,-0.031128,1.017700
20250204204718,3666023,0.061523,-0.030762,1.017456
20250204204719,3667027,0.060669,-0.028809,1.017456
20250204204720,3668031,0.062500,-0.030640,1.017456
20250204204737,3669036,0.061890,-0.030884,1.017456
20250204204737,3670041,0.061523,-0.028931,1.018311
20250204204737,3671047,0.062500,-0.029419,1.016968
20250204204738,3672054,0.062378,-0.029907,1.017822
20250204204738,3673061,0.062012,-0.030762,1.017944
20250204204738,3674068,0.060791,-0.029175,1.017456
20250204204738,3675075,0.061646,-0.030029,1.017456
20250204204738,3676083,0.061523,-0.029663,1.018677
20250204204738,3677087,0.061646,-0.029297,1.017090
20250204204738,3678094,0.062622,-0.030029,1.017944
20250204204738,3679099,0.062744,-0.029541,1.018066
20250204204738,3680107,0.064087,-0.029175,1.017334
20250204204738,3681113,0.061890,-0.030151,1.017944
20250204204738,3682121,0.061768,-0.029663,1.018311
20250204204738,3683127,0.061523,-0.030029,1.017578
20250204204738,3684135,0.062012,-0.030884,1.016602
20250204204738,3685142,0.062134,-0.025879,1.016357
20250204204738,3686149,0.062500,-0.029663,1.016724
20250204204739,3687152,0.070435,-0.013672,1.016113
20250204204740,3688158,0.087646,-0.052124,1.024902
20250204204741,3689161,0.074219,-0.033691,1.019775
20250204204742,3690165,0.067627,-0.028931,1.015381
20250204204743,3691169,0.062012,-0.030396,1.020630
20250204204744,3692175,0.069580,-0.036987,1.018555
20250204204745,3693179,0.066162,-0.025269,1.017334
20250204204746,3694184,0.065918,-0.025269,1.015869
20250204204747,3695190,0.065063,-0.024536,1.014648
20250204204748,3696197,0.064941,-0.024170,1.015991
20250204204749,3697201,0.071045,-0.030396,1.027954
20250204204750,3698208,0.062988,-0.018433,1.005737
20250204204751,3699212,0.060303,-0.041748,1.015747
20250204204752,3700217,0.061279,-0.026733,1.014771
20250204204753,3701221,0.062622,-0.062988,1.011719
20250204204754,3702226,0.012573,-0.232788,1.004883
20250204204755,3703230,0.128296,-0.007813,1.101807
20250204204756,3704233,0.062134,-0.094971,1.014648
20250204204757,3705238,0.037598,-0.098267,1.011719
20250204204758,3706242,0.031982,-0.099854,1.015259
20250204204759,3707246,0.032104,-0.100708,1.015991
20250204204800,3708249,0.031006,-0.101196,1.015015
20250204204801,3709254,0.031982,-0.100830,1.015259
20250204204802,3710257,0.030396,-0.100708,1.015503
20250204204803,3711262,0.026978,-0.095947,1.013062
20250204204804,3712266,0.031494,-0.100098,1.014526
20250204204805,3713272,0.030640,-0.099365,1.015625
20250204204806,3714277,0.024170,-0.094849,1.015747
20250204204807,3715282,0.030762,-0.101074,1.016602
20250204204808,3716287,0.030396,-0.098877,1.014771
20250204204809,3717291,0.028931,-0.099487,1.015503
20250204204810,3718296,0.028442,-0.098755,1.016357
20250204204811,3719301,0.029785,-0.099365,1.014282
20250204204812,3720306,0.029419,-0.099121,1.015381
20250204204813,3721311,0.028320,-0.097778,1.016357
20250204204814,3722316,0.027222,-0.101318,1.009399
20250204204815,3723321,0.029175,-0.100342,1.014526
20250204204816,3724326,0.029663,-0.100098,1.017578
20250204204817,3725329,0.028442,-0.100464,1.006104
20250204204818,3726332,0.027100,-0.111572,1.025757
20250204204819,3727335,0.028931,-0.099731,1.014282
20250204204820,3728339,0.025879,-0.098877,1.015991
20250204204821,3729343,0.028809,-0.098877,1.015259
20250204204822,3730347,0.029297,-0.099609,1.014893
20250204204823,3731351,0.028320,-0.099487,1.017212
20250204204824,3732356,0.028442,-0.099487,1.014038
20250204204825,3733362,0.029907,-0.100952,1.015869
20250204204826,3734366,0.029419,-0.101318,1.014771
20250204204827,3735370,0.027588,-0.101196,1.016968
20250204204828,3736373,0.029297,-0.099731,1.014526
20250204204829,3737376,0.028809,-0.099609,1.015747
20250204204830,3738382,0.028931,-0.099243,1.016113
20250204204831,3739387,0.029541,-0.098633,1.016235
20250204204832,3740392,0.030273,-0.098877,1.016602
20250204204833,3741397,0.027832,-0.098145,1.015137
20250204204834,3742401,0.029907,-0.101440,1.015625
20250204204835,3743407,0.028076,-0.099854,1.016357
20250204204836,3744411,0.030273,-0.100586,1.014771
20250204204837,3745415,0.029053,-0.099243,1.015137
20250204204838,3746419,0.027832,-0.100098,1.015747
20250204204839,3747426,0.027344,-0.099487,1.015259
20250204204840,3748429,0.029175,-0.100098,1.015869
20250204204841,3749436,0.027466,-0.099365,1.015137
20250204204842,3750440,0.028076,-0.100464,1.015137
20250204204843,3751445,0.029419,-0.100586,1.014404
20250204204844,3752449,0.028564,-0.100708,1.015503
20250204204845,3753454,0.028442,-0.099609,1.015625
20250204204846,3754458,0.028687,-0.100342,1.015137
20250204204847,3755464,0.028198,-0.100220,1.015991
20250204204848,3756468,0.028687,-0.099487,1.015259
20250204204849,3757472,0.028320,-0.099976,1.015137
20250204204850,3758476,0.028687,-0.100830,1.015381
20250204204851,3759480,0.027344,-0.100464,1.015869
20250204204852,3760485,0.028564,-0.099854,1.016113
20250204204853,3761490,0.028442,-0.100098,1.016235
20250204204854,3762495,0.028687,-0.100342,1.015015
20250204204855,3763499,0.027588,-0.099976,1.014282
20250204204856,3764503,0.026855,-0.100586,1.013184
20250204204857,3765506,0.027222,-0.100342,1.016724
20250204204858,3766510,0.025024,-0.100342,1.015625
20250204204859,3767514,0.017822,-0.085693,1.019531
20250204204900,3768518,0.030029,-0.097168,1.015503
20250204204901,3769523,0.027710,-0.062744,1.016479
20250204204902,3770526,0.027344,-0.094116,1.015137
20250204204903,3771531,0.027588,-0.093140,1.013428
